,PGMTL,GLM_uncal,GLM_uncal (on test),,stratified,> max depth,< min depth,> max sa,< min sa
34128651,3.667558632,9.861034656,9.861034656,-6.193476023,FALSE,FALSE,TRUE,FALSE,FALSE
120018070,1.834370116,7.305907115,7.305907115,-5.471536998,FALSE,FALSE,TRUE,FALSE,FALSE
34126579,2.822860761,6.82772492,6.82772492,-4.004864159,FALSE,FALSE,TRUE,FALSE,FALSE
34131807,1.504371651,4.8482841,4.8482841,-3.343912449,TRUE,FALSE,FALSE,FALSE,TRUE
91684663,3.273528408,6.469285523,6.469285523,-3.195757115,TRUE,FALSE,FALSE,FALSE,FALSE
120020334,1.513248478,4.592989715,4.592989715,-3.079741237,TRUE,FALSE,FALSE,FALSE,FALSE
91688775,4.722477614,7.690651385,7.690651385,-2.968173771,FALSE,FALSE,TRUE,FALSE,FALSE
120018006,3.395445573,6.188810944,6.188810944,-2.793365371,FALSE,FALSE,TRUE,FALSE,FALSE
120018108,2.698978954,5.430740199,5.430740199,-2.731761245,TRUE,FALSE,TRUE,FALSE,FALSE
37647805,2.885164777,5.599585646,5.599585646,-2.71442087,FALSE,FALSE,TRUE,FALSE,TRUE
121860894,3.181810264,5.844508169,5.844508169,-2.662697905,TRUE,FALSE,FALSE,FALSE,FALSE
120018102,2.138461858,4.760740396,4.760740396,-2.622278538,TRUE,FALSE,FALSE,FALSE,FALSE
34127708,1.071064371,3.676212448,3.676212448,-2.605148077,TRUE,FALSE,FALSE,FALSE,FALSE
120018130,1.202885509,3.806805134,3.806805134,-2.603919625,TRUE,FALSE,FALSE,FALSE,TRUE
120018094,3.165839748,5.759703612,5.759703612,-2.593863864,FALSE,FALSE,TRUE,FALSE,FALSE
143250615,2.799708736,5.37956543,5.37956543,-2.579856695,TRUE,FALSE,FALSE,FALSE,FALSE
166870380,2.44151183,4.962789883,4.962789883,-2.521278053,FALSE,FALSE,FALSE,FALSE,FALSE
86274823,2.743725219,5.263999183,5.263999183,-2.520273964,TRUE,FALSE,FALSE,FALSE,FALSE
91595509,3.606157058,6.094013484,6.094013484,-2.487856427,TRUE,FALSE,FALSE,FALSE,TRUE
2384584,1.210355111,3.6771099,3.6771099,-2.466754789,TRUE,FALSE,FALSE,FALSE,FALSE
70331641,2.402399012,4.834350143,4.834350143,-2.431951132,TRUE,FALSE,FALSE,FALSE,FALSE
120017997,1.357663957,3.664035392,3.664035392,-2.306371435,FALSE,FALSE,TRUE,FALSE,FALSE
120019932,2.295589039,4.53350844,4.53350844,-2.2379194,TRUE,FALSE,FALSE,FALSE,FALSE
120019704,3.101651782,5.302679461,5.302679461,-2.201027679,FALSE,FALSE,FALSE,FALSE,FALSE
120018364,2.399244289,4.596698297,4.596698297,-2.197454008,TRUE,FALSE,FALSE,FALSE,FALSE
120020373,2.445021232,4.639518044,4.639518044,-2.194496813,TRUE,FALSE,FALSE,FALSE,FALSE
91691299,2.576460113,4.750769762,4.750769762,-2.174309649,FALSE,FALSE,FALSE,FALSE,FALSE
120018204,1.494998502,3.590811914,3.590811914,-2.095813412,TRUE,FALSE,FALSE,FALSE,FALSE
120018459,2.396442716,4.463077087,4.463077087,-2.066634371,TRUE,FALSE,FALSE,FALSE,FALSE
121623043,1.561945182,3.598195414,3.598195414,-2.036250232,TRUE,FALSE,FALSE,FALSE,FALSE
91596049,1.680088105,3.700442977,3.700442977,-2.020354873,FALSE,FALSE,TRUE,FALSE,FALSE
58126057,1.562842826,3.540609994,3.540609994,-1.977767168,FALSE,FALSE,FALSE,FALSE,FALSE
34119718,3.148689803,5.116261509,5.116261509,-1.967571706,FALSE,FALSE,TRUE,FALSE,FALSE
120020210,3.103237369,5.070131803,5.070131803,-1.966894434,TRUE,FALSE,TRUE,FALSE,FALSE
68840139,3.948649709,5.866909907,5.866909907,-1.918260198,TRUE,FALSE,FALSE,FALSE,FALSE
1099476,1.705996353,3.606835888,3.606835888,-1.900839535,TRUE,FALSE,FALSE,FALSE,FALSE
37648633,1.43633415,3.336971348,3.336971348,-1.900637198,TRUE,FALSE,FALSE,FALSE,FALSE
167256799,1.547205087,3.384307248,3.384307248,-1.837102161,TRUE,FALSE,FALSE,FALSE,FALSE
58126421,1.922393724,3.721384484,3.721384484,-1.79899076,FALSE,FALSE,FALSE,FALSE,FALSE
34130818,1.861738868,3.614900075,3.614900075,-1.753161208,TRUE,FALSE,FALSE,FALSE,FALSE
34127966,1.959700526,3.701678145,3.701678145,-1.741977619,FALSE,FALSE,FALSE,FALSE,FALSE
45364805,1.801318169,3.498461373,3.498461373,-1.697143205,TRUE,FALSE,FALSE,FALSE,FALSE
120018132,1.31081968,2.969170102,2.969170102,-1.658350422,TRUE,FALSE,FALSE,FALSE,FALSE
129225129,1.720796933,3.370333094,3.370333094,-1.649536161,TRUE,FALSE,FALSE,FALSE,FALSE
1101506,1.872816056,3.51683598,3.51683598,-1.644019924,TRUE,FALSE,FALSE,FALSE,FALSE
13631637,2.239697645,3.838560224,3.838560224,-1.598862579,TRUE,FALSE,FALSE,FALSE,FALSE
120018022,1.732364703,3.330528842,3.330528842,-1.598164139,TRUE,FALSE,FALSE,FALSE,FALSE
120020208,3.096358703,4.659669929,4.659669929,-1.563311226,TRUE,FALSE,FALSE,FALSE,FALSE
120020217,1.783111797,3.333574676,3.333574676,-1.550462879,FALSE,FALSE,FALSE,FALSE,TRUE
37648749,3.494316726,5.037111408,5.037111408,-1.542794682,TRUE,FALSE,FALSE,FALSE,TRUE
34124239,3.549750545,5.056367657,5.056367657,-1.506617112,FALSE,FALSE,TRUE,FALSE,FALSE
91685475,2.460925584,3.963739373,3.963739373,-1.502813789,TRUE,FALSE,FALSE,FALSE,FALSE
34131278,1.490456337,2.981610717,2.981610717,-1.49115438,TRUE,FALSE,FALSE,FALSE,FALSE
120017989,0.8845038897,2.32709822,2.32709822,-1.442594331,FALSE,FALSE,FALSE,FALSE,FALSE
120020354,1.956977324,3.396394741,3.396394741,-1.439417417,TRUE,FALSE,FALSE,FALSE,FALSE
91687843,1.776206658,3.206162285,3.206162285,-1.429955627,FALSE,FALSE,TRUE,FALSE,FALSE
37648257,2.198883905,3.617785497,3.617785497,-1.418901591,FALSE,FALSE,TRUE,FALSE,FALSE
120018493,2.275289349,3.66546723,3.66546723,-1.390177881,TRUE,FALSE,FALSE,FALSE,FALSE
120019638,1.864653865,3.238590779,3.238590779,-1.373936914,TRUE,TRUE,FALSE,FALSE,FALSE
121623126,2.608573405,3.97638554,3.97638554,-1.367812135,TRUE,FALSE,FALSE,FALSE,FALSE
58125473,1.533814034,2.898816038,2.898816038,-1.365002004,FALSE,FALSE,FALSE,FALSE,FALSE
120018120,2.165387508,3.478223038,3.478223038,-1.31283553,TRUE,FALSE,FALSE,FALSE,FALSE
121622394,3.384476054,4.634944548,4.634944548,-1.250468494,TRUE,FALSE,FALSE,FALSE,FALSE
120020805,1.436449506,2.670329535,2.670329535,-1.233880029,TRUE,FALSE,FALSE,FALSE,FALSE
120018345,2.741238649,3.968529979,3.968529979,-1.22729133,FALSE,FALSE,FALSE,FALSE,FALSE
143249413,1.410593353,2.626661748,2.626661748,-1.216068395,TRUE,FALSE,FALSE,FALSE,FALSE
120018346,1.438350778,2.650130267,2.650130267,-1.211779488,FALSE,FALSE,FALSE,FALSE,FALSE
120020844,2.161690904,3.285989435,3.285989435,-1.124298531,FALSE,FALSE,TRUE,FALSE,FALSE
120020374,2.445608855,3.547474608,3.547474608,-1.101865753,TRUE,FALSE,FALSE,FALSE,FALSE
74924599,6.58913966,7.678057237,7.678057237,-1.088917577,TRUE,FALSE,FALSE,FALSE,FALSE
58124875,3.009659242,4.075262993,4.075262993,-1.065603751,FALSE,FALSE,FALSE,FALSE,FALSE
120018590,1.851097825,2.88310661,2.88310661,-1.032008785,TRUE,FALSE,FALSE,FALSE,FALSE
34126002,2.295346375,3.32656828,3.32656828,-1.031221905,TRUE,FALSE,FALSE,FALSE,FALSE
91692521,2.370358555,3.381180611,3.381180611,-1.010822056,FALSE,FALSE,FALSE,FALSE,FALSE
120019636,2.252722684,3.262287278,3.262287278,-1.009564594,TRUE,FALSE,FALSE,FALSE,FALSE
58125937,2.093136877,3.08831373,3.08831373,-0.9951768529,FALSE,FALSE,FALSE,FALSE,FALSE
34131191,2.702782715,3.673546034,3.673546034,-0.9707633198,FALSE,FALSE,FALSE,FALSE,TRUE
34119747,1.841338296,2.808115308,2.808115308,-0.9667770124,TRUE,FALSE,FALSE,FALSE,FALSE
120020203,3.765353654,4.718592029,4.718592029,-0.953238375,TRUE,FALSE,FALSE,FALSE,FALSE
120018073,1.645084728,2.595210361,2.595210361,-0.9501256333,TRUE,FALSE,FALSE,FALSE,FALSE
120020367,2.310100583,3.224056773,3.224056773,-0.9139561903,FALSE,FALSE,FALSE,FALSE,FALSE
0E445706-1F3E-47FA-8A83-D38E2C953307,2.31238415,3.22218177,3.22218177,-0.9097976201,TRUE,TRUE,FALSE,FALSE,FALSE
91684103,2.060387901,2.949451887,2.949451887,-0.8890639859,FALSE,FALSE,FALSE,FALSE,FALSE
120020240,2.468657325,3.314838519,3.314838519,-0.8461811933,TRUE,FALSE,FALSE,FALSE,FALSE
34132376,1.913335939,2.758240319,2.758240319,-0.8449043798,TRUE,FALSE,FALSE,FALSE,FALSE
155636695,2.827617316,3.669879443,3.669879443,-0.8422621272,TRUE,FALSE,FALSE,FALSE,FALSE
155442829,3.46934036,4.260350397,4.260350397,-0.7910100368,FALSE,FALSE,FALSE,FALSE,FALSE
34130988,2.2715262,3.048750311,3.048750311,-0.7772241104,TRUE,FALSE,FALSE,FALSE,FALSE
120018061,1.765608359,2.532089297,2.532089297,-0.7664809378,TRUE,FALSE,FALSE,FALSE,FALSE
120018089,1.988442748,2.751833729,2.751833729,-0.7633909805,TRUE,FALSE,FALSE,FALSE,FALSE
120020567,3.582673061,4.341452039,4.341452039,-0.758778978,TRUE,FALSE,FALSE,FALSE,FALSE
166867866,2.423006526,3.1794693,3.1794693,-0.7564627735,TRUE,TRUE,FALSE,FALSE,FALSE
143396594,5.463021406,6.216396779,6.216396779,-0.753375373,FALSE,FALSE,TRUE,FALSE,FALSE
91593827,1.388407552,2.123608622,2.123608622,-0.7352010696,TRUE,FALSE,FALSE,FALSE,FALSE
86274695,2.39724003,3.124422731,3.124422731,-0.7271827013,TRUE,FALSE,FALSE,FALSE,FALSE
45728298,3.668909773,4.327427372,4.327427372,-0.6585175987,TRUE,FALSE,FALSE,FALSE,FALSE
69884058,3.787376452,4.444692894,4.444692894,-0.6573164417,TRUE,FALSE,FALSE,FALSE,FALSE
123271064,3.225335232,3.874024141,3.874024141,-0.6486889091,TRUE,FALSE,FALSE,FALSE,FALSE
120019732,3.320108687,3.931406691,3.931406691,-0.6112980036,FALSE,FALSE,FALSE,FALSE,FALSE
120053694,2.318266609,2.907318838,2.907318838,-0.5890522297,TRUE,FALSE,FALSE,FALSE,FALSE
34128205,1.712980011,2.269986774,2.269986774,-0.5570067626,FALSE,FALSE,FALSE,FALSE,FALSE
91594687,3.161850164,3.696647339,3.696647339,-0.5347971753,FALSE,FALSE,TRUE,FALSE,FALSE
34125449,2.511925829,3.038304205,3.038304205,-0.5263783756,FALSE,FALSE,FALSE,FALSE,FALSE
0cb9b9cf-3f4b-4061-9608-9f965f202b85,3.036783814,3.558455648,3.558455648,-0.521671834,TRUE,FALSE,FALSE,FALSE,FALSE
45730422,2.843398457,3.35642606,3.35642606,-0.5130276027,TRUE,FALSE,FALSE,FALSE,FALSE
72862895,2.115832947,2.547094907,2.547094907,-0.4312619606,TRUE,FALSE,FALSE,FALSE,FALSE
120020383,1.56056745,1.973393672,1.973393672,-0.4128262217,TRUE,FALSE,FALSE,FALSE,FALSE
120019749,2.706095578,3.111156845,3.111156845,-0.4050612667,TRUE,FALSE,FALSE,FALSE,FALSE
34127918,2.619632534,3.009052712,3.009052712,-0.3894201783,TRUE,FALSE,FALSE,FALSE,TRUE
120019371,3.017869649,3.392658016,3.392658016,-0.3747883667,FALSE,FALSE,FALSE,FALSE,FALSE
91687083,2.502104139,2.846081456,2.846081456,-0.3439773171,FALSE,FALSE,TRUE,FALSE,FALSE
120018129,3.615251909,3.935542477,3.935542477,-0.3202905685,FALSE,FALSE,FALSE,FALSE,FALSE
91595175,1.797952772,2.114309738,2.114309738,-0.3163569667,TRUE,FALSE,FALSE,FALSE,TRUE
58125641,2.640269835,2.954817895,2.954817895,-0.3145480594,FALSE,FALSE,FALSE,FALSE,FALSE
34127672,3.689418383,3.987161988,3.987161988,-0.2977436054,TRUE,FALSE,FALSE,FALSE,FALSE
34130489,3.108971514,3.396064026,3.396064026,-0.2870925112,FALSE,FALSE,TRUE,FALSE,FALSE
91690341,2.702984837,2.960119104,2.960119104,-0.2571342664,TRUE,FALSE,FALSE,FALSE,TRUE
91595523,3.787572191,4.042984237,4.042984237,-0.2554120465,TRUE,FALSE,TRUE,FALSE,TRUE
120018123,1.670955243,1.925486042,1.925486042,-0.2545307995,TRUE,FALSE,FALSE,FALSE,FALSE
34133814,3.166464459,3.41936311,3.41936311,-0.2528986518,TRUE,FALSE,FALSE,FALSE,TRUE
143249192,2.184392899,2.43678799,2.43678799,-0.252395091,TRUE,FALSE,FALSE,FALSE,FALSE
72863203,1.511299425,1.76309883,1.76309883,-0.2517994051,TRUE,FALSE,FALSE,FALSE,FALSE
45722930,2.040601837,2.239249573,2.239249573,-0.1986477356,TRUE,FALSE,FALSE,FALSE,FALSE
120019246,2.207609057,2.396020195,2.396020195,-0.1884111386,FALSE,FALSE,FALSE,FALSE,FALSE
120018131,1.642696503,1.790565433,1.790565433,-0.1478689302,TRUE,FALSE,FALSE,FALSE,FALSE
120020402,4.596112463,4.707567216,4.707567216,-0.1114547536,TRUE,FALSE,FALSE,FALSE,FALSE
120018307,4.23456733,4.287500786,4.287500786,-0.05293345554,TRUE,FALSE,FALSE,FALSE,FALSE
143398250,5.329632192,5.370769761,5.370769761,-0.04113756876,FALSE,FALSE,TRUE,FALSE,FALSE
91594827,2.887467341,2.912735665,2.912735665,-0.02526832408,TRUE,FALSE,TRUE,FALSE,FALSE
120018078,2.910776895,2.934481252,2.934481252,-0.0237043573,FALSE,FALSE,TRUE,FALSE,FALSE
91691293,3.102873355,3.123401237,3.123401237,-0.02052788157,FALSE,FALSE,TRUE,FALSE,FALSE
120018126,3.353573362,3.339008476,3.339008476,0.01456488538,TRUE,FALSE,FALSE,FALSE,FALSE
34243470,1.744222993,1.724145308,1.724145308,0.02007768451,FALSE,FALSE,FALSE,FALSE,FALSE
91684979,1.945719513,1.924801568,1.924801568,0.02091794587,TRUE,FALSE,FALSE,FALSE,FALSE
120020343,3.157510691,3.13318499,3.13318499,0.02432570067,FALSE,FALSE,FALSE,FALSE,FALSE
70334219,3.496471122,3.462357975,3.462357975,0.03411314629,FALSE,FALSE,FALSE,FALSE,FALSE
105953415,2.323723987,2.265841266,2.265841266,0.05788272113,FALSE,FALSE,FALSE,FALSE,FALSE
120018018,3.516795791,3.451906115,3.451906115,0.06488967604,FALSE,FALSE,TRUE,FALSE,FALSE
166868528,1.833724353,1.742748541,1.742748541,0.09097581261,FALSE,TRUE,FALSE,FALSE,FALSE
{4EA76133-68CD-4DA8-A82B-0B568CD9C9B2},1.801837182,1.693493451,1.693493451,0.1083437314,FALSE,FALSE,TRUE,FALSE,FALSE
70332223,3.382690019,3.274269233,3.274269233,0.1084207854,FALSE,FALSE,FALSE,FALSE,FALSE
151949699,2.2307816,2.114435885,2.114435885,0.1163457154,FALSE,FALSE,FALSE,FALSE,FALSE
91688409,3.95013639,3.82928564,3.82928564,0.1208507497,TRUE,FALSE,FALSE,FALSE,FALSE
120020211,2.42935802,2.297380039,2.297380039,0.1319779802,TRUE,FALSE,FALSE,FALSE,FALSE
120020836,3.03971081,2.861081952,2.861081952,0.1786288574,TRUE,FALSE,FALSE,FALSE,FALSE
75474779,1.869489399,1.68776893,1.68776893,0.1817204688,TRUE,FALSE,FALSE,FALSE,FALSE
121622699,6.794014451,6.612221592,6.612221592,0.1817928593,TRUE,FALSE,FALSE,FALSE,FALSE
81002103,2.31924654,2.132752991,2.132752991,0.1864935491,FALSE,FALSE,FALSE,FALSE,FALSE
137059882,3.494406796,3.297591338,3.297591338,0.1968154575,FALSE,FALSE,TRUE,FALSE,FALSE
143416561,3.328498987,3.05194039,3.05194039,0.2765585972,FALSE,FALSE,FALSE,FALSE,FALSE
91595057,2.989802223,2.648538955,2.648538955,0.3412632678,TRUE,FALSE,TRUE,FALSE,FALSE
1101864,2.223963331,1.874572759,1.874572759,0.3493905715,TRUE,FALSE,FALSE,FALSE,FALSE
167258106,3.205249055,2.840155207,2.840155207,0.3650938487,TRUE,FALSE,FALSE,FALSE,FALSE
152335372,1.985756256,1.619658115,1.619658115,0.3660981408,TRUE,FALSE,FALSE,FALSE,FALSE
120020204,2.338396588,1.957667147,1.957667147,0.3807294409,TRUE,FALSE,FALSE,FALSE,FALSE
9022741,2.149392729,1.728956064,1.728956064,0.4204366643,TRUE,FALSE,FALSE,FALSE,FALSE
120018146,3.4789496,3.05528535,3.05528535,0.4236642501,TRUE,FALSE,FALSE,FALSE,FALSE
75653667,2.905889889,2.465249483,2.465249483,0.4406404057,TRUE,FALSE,FALSE,FALSE,FALSE
34127389,3.915644845,3.472295809,3.472295809,0.4433490363,TRUE,FALSE,FALSE,FALSE,FALSE
86275195,2.878532649,2.417684277,2.417684277,0.4608483718,TRUE,FALSE,FALSE,FALSE,FALSE
105954753,4.777758971,4.299286873,4.299286873,0.4784720981,FALSE,FALSE,FALSE,FALSE,FALSE
81642813,3.111711014,2.609815793,2.609815793,0.5018952216,TRUE,FALSE,FALSE,FALSE,FALSE
120018233,3.291010493,2.763207602,2.763207602,0.5278028908,FALSE,FALSE,TRUE,FALSE,FALSE
58125935,3.782893146,3.219401208,3.219401208,0.5634919381,FALSE,FALSE,TRUE,FALSE,FALSE
120020226,3.193041352,2.623135726,2.623135726,0.5699056265,FALSE,FALSE,TRUE,FALSE,FALSE
91683191,3.036580688,2.429930406,2.429930406,0.6066502824,FALSE,FALSE,TRUE,FALSE,FALSE
120020798,3.300276296,2.646571434,2.646571434,0.653704862,FALSE,FALSE,FALSE,FALSE,FALSE
120019513,3.360740315,2.68680771,2.68680771,0.6739326057,FALSE,FALSE,FALSE,FALSE,FALSE
120018220,3.438053778,2.746994834,2.746994834,0.6910589438,FALSE,FALSE,FALSE,FALSE,FALSE
37649149,3.576303217,2.875912003,2.875912003,0.7003912144,FALSE,FALSE,FALSE,FALSE,FALSE
91595845,3.460736172,2.740761543,2.740761543,0.7199746285,TRUE,FALSE,FALSE,FALSE,TRUE
155635994,2.323452941,1.591661603,1.591661603,0.7317913383,TRUE,FALSE,FALSE,FALSE,FALSE
80005045,2.806903964,2.043236828,2.043236828,0.7636671358,TRUE,FALSE,FALSE,FALSE,FALSE
86274749,3.509395633,2.604772658,2.604772658,0.9046229749,FALSE,FALSE,TRUE,FALSE,FALSE
70334209,2.442537324,1.525036066,1.525036066,0.9175012584,FALSE,FALSE,FALSE,FALSE,FALSE
91685209,2.788471859,1.822000019,1.822000019,0.9664718401,TRUE,FALSE,FALSE,FALSE,FALSE
120020236,4.497061477,3.507637814,3.507637814,0.9894236628,FALSE,FALSE,TRUE,FALSE,FALSE
120018090,3.122209476,2.104063024,2.104063024,1.018146452,FALSE,FALSE,TRUE,FALSE,FALSE
143418975,3.924126688,2.878401435,2.878401435,1.045725253,FALSE,FALSE,FALSE,FALSE,FALSE
121839184,2.406546595,1.320313999,1.320313999,1.086232597,FALSE,FALSE,FALSE,FALSE,FALSE
120019294,2.905837958,1.80592794,1.80592794,1.099910018,FALSE,FALSE,FALSE,FALSE,FALSE
155637270,3.430060543,2.267862107,2.267862107,1.162198436,TRUE,FALSE,FALSE,FALSE,FALSE
45730390,5.022092768,3.849512017,3.849512017,1.172580751,TRUE,FALSE,FALSE,FALSE,FALSE
120018107,4.44793121,3.220475884,3.220475884,1.227455326,TRUE,FALSE,FALSE,FALSE,FALSE
126212479,4.421962448,3.191127727,3.191127727,1.230834721,FALSE,FALSE,TRUE,FALSE,FALSE
1102088,1.232232169,2.971418269,,1.232232169,TRUE,FALSE,FALSE,FALSE,FALSE
120018212,3.192725841,1.959876967,1.959876967,1.232848873,TRUE,FALSE,FALSE,FALSE,FALSE
91691877,4.008006709,2.70985145,2.70985145,1.298155259,TRUE,TRUE,FALSE,FALSE,FALSE
143418891,3.811393199,2.496932288,2.496932288,1.314460911,FALSE,FALSE,FALSE,FALSE,FALSE
167256807,5.087167517,3.662640624,3.662640624,1.424526894,TRUE,FALSE,FALSE,FALSE,FALSE
91595755,4.676803456,3.211453887,3.211453887,1.465349569,TRUE,FALSE,FALSE,FALSE,FALSE
120020218,4.122941356,2.653380736,2.653380736,1.46956062,TRUE,FALSE,FALSE,FALSE,FALSE
120018025,4.001821684,2.497275892,2.497275892,1.504545793,FALSE,FALSE,FALSE,FALSE,FALSE
34131145,3.215911531,1.690940845,1.690940845,1.524970686,TRUE,FALSE,FALSE,FALSE,FALSE
47726570,3.427511381,1.806005935,1.806005935,1.621505446,TRUE,FALSE,FALSE,FALSE,FALSE
45385910,3.440158981,1.742997889,1.742997889,1.697161092,FALSE,FALSE,FALSE,FALSE,FALSE
120020206,4.639551455,2.816313246,2.816313246,1.823238208,FALSE,FALSE,FALSE,FALSE,FALSE
120019024,5.064903425,3.034317586,3.034317586,2.030585838,FALSE,FALSE,FALSE,FALSE,FALSE
155445200,5.171287143,3.107954803,3.107954803,2.06333234,TRUE,TRUE,FALSE,FALSE,FALSE
120020090,4.48433904,2.377176807,2.377176807,2.107162233,FALSE,FALSE,TRUE,FALSE,FALSE
120018510,4.411022249,2.243914951,2.243914951,2.167107298,TRUE,FALSE,FALSE,FALSE,FALSE
91690129,4.889321697,2.606582778,2.606582778,2.282738919,FALSE,FALSE,TRUE,FALSE,FALSE
120017988,4.978569517,2.670522469,2.670522469,2.308047048,TRUE,FALSE,FALSE,FALSE,FALSE
45337711,6.503526459,4.160093165,4.160093165,2.343433294,TRUE,FALSE,FALSE,FALSE,TRUE
120019661,5.142489043,2.788684653,2.788684653,2.35380439,TRUE,FALSE,FALSE,FALSE,FALSE
86275133,4.47231307,2.09868363,2.09868363,2.37362944,TRUE,FALSE,FALSE,FALSE,FALSE
120019016,4.387544066,1.739300222,1.739300222,2.648243845,TRUE,TRUE,FALSE,FALSE,FALSE
75654673,4.569368549,1.853901702,1.853901702,2.715466847,FALSE,FALSE,FALSE,FALSE,FALSE
91689407,5.64906975,2.889767115,2.889767115,2.759302635,FALSE,FALSE,TRUE,FALSE,FALSE
120018379,4.620282814,1.826739625,1.826739625,2.793543188,FALSE,FALSE,TRUE,FALSE,FALSE
166870310,4.533332936,1.427997519,1.427997519,3.105335417,FALSE,FALSE,FALSE,FALSE,FALSE
120019716,5.546118219,2.429514634,2.429514634,3.116603585,FALSE,FALSE,FALSE,FALSE,FALSE
1097324,TRAIN,2.821428615,,,TRUE,FALSE,FALSE,FALSE,FALSE
1099052,TRAIN,2.704832239,,,TRUE,FALSE,FALSE,FALSE,FALSE
1099136,TRAIN,2.467768842,,,TRUE,FALSE,FALSE,FALSE,FALSE
1099172,TRAIN,3.929168674,,,TRUE,FALSE,FALSE,FALSE,FALSE
1099240,TRAIN,4.833624961,,,TRUE,FALSE,FALSE,FALSE,FALSE
1099282,TRAIN,2.63000855,,,TRUE,FALSE,FALSE,FALSE,FALSE
1099420,TRAIN,3.874106918,,,TRUE,FALSE,FALSE,FALSE,FALSE
1099430,TRAIN,3.174863211,,,TRUE,FALSE,FALSE,FALSE,FALSE
1099432,TRAIN,2.153108498,,,TRUE,FALSE,FALSE,FALSE,FALSE
1099450,TRAIN,3.62406447,,,TRUE,FALSE,FALSE,FALSE,FALSE
1099526,TRAIN,3.963874593,,,TRUE,FALSE,FALSE,FALSE,FALSE
1100962,TRAIN,2.238746501,,,TRUE,FALSE,FALSE,FALSE,FALSE
1101504,TRAIN,3.255631814,,,TRUE,FALSE,FALSE,FALSE,FALSE
1101544,TRAIN,3.566359976,,,TRUE,FALSE,FALSE,FALSE,FALSE
1101590,TRAIN,4.511946736,,,TRUE,FALSE,FALSE,FALSE,FALSE
1101616,TRAIN,2.692923006,,,TRUE,FALSE,FALSE,FALSE,FALSE
1101636,TRAIN,2.855917507,,,TRUE,FALSE,FALSE,FALSE,FALSE
1101684,TRAIN,2.395932207,,,TRUE,FALSE,FALSE,FALSE,FALSE
1101754,TRAIN,2.576115172,,,TRUE,FALSE,FALSE,FALSE,FALSE
1101778,TRAIN,4.973679101,,,FALSE,FALSE,FALSE,FALSE,FALSE
1101812,TRAIN,4.523323951,,,TRUE,FALSE,FALSE,FALSE,FALSE
1101938,TRAIN,2.420176254,,,TRUE,FALSE,FALSE,FALSE,FALSE
1101942,TRAIN,2.299614682,,,TRUE,FALSE,FALSE,FALSE,FALSE
1102086,TRAIN,3.004752199,,,TRUE,FALSE,FALSE,FALSE,FALSE
1102284,TRAIN,4.779962244,,,TRUE,FALSE,FALSE,FALSE,FALSE
1102366,TRAIN,3.239646477,,,TRUE,FALSE,FALSE,FALSE,FALSE
2349188,TRAIN,2.773322368,,,TRUE,FALSE,FALSE,FALSE,FALSE
2349198,TRAIN,2.91309124,,,TRUE,FALSE,FALSE,FALSE,FALSE
2353946,TRAIN,3.741335885,,,TRUE,FALSE,FALSE,FALSE,FALSE
2384766,TRAIN,4.144842483,,,TRUE,FALSE,FALSE,FALSE,FALSE
2385444,TRAIN,3.341250307,,,TRUE,FALSE,FALSE,FALSE,FALSE
2385496,TRAIN,3.667251372,,,TRUE,FALSE,FALSE,FALSE,FALSE
2385648,TRAIN,3.569934526,,,TRUE,FALSE,FALSE,FALSE,FALSE
2647582,TRAIN,1.856217044,,,TRUE,FALSE,FALSE,FALSE,FALSE
2648034,TRAIN,4.291821492,,,TRUE,FALSE,FALSE,FALSE,FALSE
2723765,TRAIN,1.971616891,,,TRUE,FALSE,FALSE,FALSE,FALSE
2723803,TRAIN,3.123876424,,,TRUE,FALSE,FALSE,FALSE,FALSE
2723871,TRAIN,2.154005678,,,TRUE,FALSE,FALSE,FALSE,FALSE
4250586,TRAIN,3.20845032,,,TRUE,FALSE,FALSE,FALSE,FALSE
4250588,TRAIN,3.335955189,,,TRUE,FALSE,FALSE,FALSE,FALSE
10596466,TRAIN,3.302921692,,,TRUE,FALSE,FALSE,FALSE,FALSE
12160852,TRAIN,1.508040417,,,TRUE,FALSE,FALSE,FALSE,FALSE
12162854,TRAIN,3.325423572,,,TRUE,FALSE,FALSE,FALSE,FALSE
13290898,TRAIN,2.302509027,,,TRUE,FALSE,FALSE,FALSE,FALSE
13293262,TRAIN,2.67709988,,,TRUE,FALSE,FALSE,FALSE,FALSE
13294464,TRAIN,2.678054795,,,TRUE,FALSE,FALSE,FALSE,FALSE
13294928,TRAIN,3.416424211,,,TRUE,FALSE,FALSE,FALSE,FALSE
13343906,TRAIN,1.837614014,,,TRUE,TRUE,FALSE,FALSE,FALSE
13344056,TRAIN,2.617652931,,,TRUE,FALSE,FALSE,FALSE,FALSE
13344170,TRAIN,1.922520415,,,TRUE,FALSE,FALSE,FALSE,FALSE
13344210,TRAIN,1.615390531,,,TRUE,FALSE,FALSE,FALSE,FALSE
13344284,TRAIN,2.132725674,,,TRUE,FALSE,FALSE,FALSE,FALSE
13393533,TRAIN,2.775146743,,,TRUE,FALSE,FALSE,FALSE,FALSE
13393567,TRAIN,1.504627304,,,TRUE,FALSE,FALSE,FALSE,FALSE
14783883,TRAIN,2.561722809,,,TRUE,FALSE,FALSE,FALSE,FALSE
120051922,TRAIN,1.850650085,,,TRUE,FALSE,FALSE,FALSE,FALSE
120052022,TRAIN,3.089540638,,,TRUE,FALSE,FALSE,FALSE,FALSE
120052233,TRAIN,4.674055134,,,TRUE,TRUE,FALSE,FALSE,FALSE
120052351,TRAIN,2.568867066,,,TRUE,FALSE,FALSE,FALSE,FALSE
120052587,TRAIN,2.932289668,,,TRUE,FALSE,FALSE,FALSE,FALSE
,2.916786908,,3.395553825,,,,,,