target_id,source_id,meta_rmse,spearman,pb0_rmse,pgmtl_rmse,n_obs_sp,n_obs_su,dif_max_depth,dif_surface_area,dif_glm_strat_perc,perc_dif_max_depth,perc_dif_surface_area,perc_dif_sqrt_surface_area
nhdhr_143418975,nhdhr_121860894,nan,6.90975152283824e-310,3.3995460079791084,4.515166954486486,183.0,395.0,-1.8955099999999998,-14517807.771999998,0.07378507871321016,19.44560568048745,140.27645595860986,81.8996141383025
nhdhr_{4EA76133-68CD-4DA8-A82B-0B568CD9C9B2},nhdhr_143249864,nan,6.90975152283824e-310,1.337473288776301,2.004287223103843,823.0,1019.0,7.315199999999999,-4347147.2847,0.3684462696783025,104.34782608695652,178.44809227066744,122.93533903858602
nhdhr_{E940A362-4076-4895-A23F-1B8CCC905DEE},nhdhr_166867866,nan,4.6734448172774e-310,3.8117392471786378,2.0289843732881527,646.0,1615.0,17.068800000000003,19084000.21,0.0691307323750856,51.85185185185185,88.06804752701227,46.404578852309456
nhdhr_105567402,nhdhr_105954753,nan,4.6734448172774e-310,1.8540224290731577,1.916990169921208,1152.0,2835.0,16.8,-322645866.3,0.03648186173853524,118.30985915492957,100.39381560154901,53.833767259333364
nhdhr_120019058,nhdhr_143249192,nan,4.6734448237382e-310,3.4465000647340753,1.6138399796582654,947.0,1335.0,-27.1272,-29556825.626999997,-0.19404517453798775,64.25992779783394,149.82968338238157,90.12842084290556
nhdhr_120019354,nhdhr_143249470,nan,4e-323,3.2107112744765063,2.36218216908263,16704.0,30097.0,-20.7,-145613957.0,-0.012251882272416137,58.06451612903226,129.52847061247076,73.51450200200813
nhdhr_120020090,nhdhr_75654673,nan,0.0,1.4728779892451243,1.5658608059512655,368.0,945.0,8.8392,17223232.283,0.08535249828884328,105.45454545454547,103.99560849284406,56.08712714388868
nhdhr_26F12E6A-07D1-4DC6-8BEA-980AD41B687A,nhdhr_120018211,nan,8.78e-321,2.6516595579005564,1.565064868051881,1901.0,2745.0,2.1510799999999985,-1914340.1409999998,0.042915811088295786,12.722517486157153,45.001069474665044,22.792766163908823
nhdhr_EBD8B5AF-7EBC-43A3-82BA-AF41830C144C,nhdhr_120018114,nan,4.6734448170023e-310,5.075474649537428,3.714653654966371,3977.0,6047.0,-22.9,-817320407.6,-0.015263518138261434,53.81903642773208,156.8266328794179,96.7711641191023
nhdhr_120020567,nhdhr_120018211,nan,4.6734448085605e-310,2.4053363561033243,2.7107090695267044,1901.0,2745.0,-12.4968,-4969553.216,0.042642026009582557,51.57232704402516,85.95471537346566,45.16950861429954
nhdhr_120018981,nhdhr_120018114,nan,0.0,4.9926248603536525,3.186553885774847,3977.0,6047.0,-10.048000000000002,-300590293.7,0.17932922655715267,27.81530284575352,114.38131220380683,62.83586921626251
nhdhr_107074156,nhdhr_81002103,nan,0.0,1.6093980800728647,1.7312343133270713,1552.0,2367.0,-4.267200000000001,689844.7879999997,-0.10362765229295001,26.923076923076927,29.723602016576585,14.944784318360998
nhdhr_107074838,nhdhr_34129366,nan,5e-324,2.124301682080129,2.3911876884519154,466.0,820.0,-1.2231999999999994,25883.943259999993,-0.01882272416153319,22.287005320311916,35.08854835688042,17.681396622938017
nhdhr_0b5e30c9-8c3f-401b-9931-91ac59b2662a,nhdhr_86275195,nan,4e-323,2.5279232844288946,2.0271739681445715,383.0,1241.0,-0.3048000000000002,-1532418.6249999998,0.09869952087611222,1.8691588785046742,81.59552583453883,42.65335613394114
nhdhr_114544961,nhdhr_32672122,nan,5e-324,1.547038331732825,2.6044828487381637,1247.0,1525.0,2.4383999999999997,129934.636,0.08336755646817251,31.999999999999996,42.72425313551324,21.61156121329519
nhdhr_120019246,nhdhr_75654673,nan,87.0,1.8376388598415694,1.588459610976078,368.0,945.0,0.0,12068213.629999999,0.024435318275153994,0.0,63.05558285327986,32.35279768152524
nhdhr_eec6bb9d-30cb-4c7d-bfc1-88e675b7d41b,nhdhr_120020354,nan,1.921189668662499,2.222815844776533,2.5517605949706548,854.0,1483.0,-1.014149999999999,1605218.0999999987,0.02997946611909652,6.440243664299554,26.617723757929866,13.368323234057428
nhdhr_114542575,nhdhr_152335372,nan,1.0316e-319,1.7107695202576974,2.0748287101487484,911.0,1631.0,-2.764800000000001,1024287.456,-0.13949349760438057,12.692816218598507,66.4041837417125,34.17132699528212
nhdhr_120020636,nhdhr_120020343,nan,20880.0,1.2359470511936603,1.3433210241081113,486.0,894.0,6.400799999999999,7753131.874000001,-0.03942505133470231,82.35294117647058,145.91158549316773,86.65000125996615
nhdhr_69884058,nhdhr_45722930,nan,1e-323,3.6601816936816802,2.3514703735979725,547.0,1256.0,13.716000000000001,-562380.1174,0.18802190280629705,69.76744186046511,44.86371636378878,22.72137546595461
nhdhr_69885442,nhdhr_139268769,nan,2.5e-323,5.086348527219623,2.589328585459524,435.0,1616.0,-6.4008,-2038199.4013,-0.009993155373032248,66.66666666666666,108.6402151316836,59.05634881626934
nhdhr_69886650,nhdhr_105954753,nan,0.0,6.131020628153805,5.038672041723305,1152.0,2835.0,7.360000000000001,107639043.75999999,0.03702943189596164,38.90063424947146,101.31900170262824,54.408691028118724
nhdhr_123148239,nhdhr_143249192,nan,52.0,1.6515636412908798,1.7489430322849282,947.0,1335.0,-2.7432000000000016,-979105.1440000003,0.028131416837782308,9.137055837563457,18.004581011801296,9.020603705960713
nhdhr_69885902,nhdhr_139268769,nan,3.3583662003283257,2.6337138417115664,2.239237636619039,435.0,1616.0,-3.3528000000000002,-609650.2053,-0.006844626967830281,41.50943396226415,52.4734652187164,26.70448740637997
nhdhr_69886284,nhdhr_152335372,nan,2.846e-321,2.2930553736413,1.8247657237738437,911.0,1631.0,2.1119999999999983,-1575341.872,-0.02559890485968508,10.918114143920587,55.42452611857793,28.265784023384484
nhdhr_69886444,nhdhr_139268769,nan,576.0,1.8404530197435855,2.3590116136069708,435.0,1616.0,-13.5992,220475.9238,-0.13059548254620124,103.02112057210387,29.52423071737699,14.843427802224218
nhdhr_70330275,nhdhr_32672122,nan,1.5e-323,3.1236851152188065,2.1542210066371226,1247.0,1525.0,2.7432,110304.65079999997,0.03764544832306649,36.73469387755102,35.13571499160703,17.705539486618864
nhdhr_105231881,nhdhr_120018114,nan,2e-323,3.2056280284410033,3.0124316634490818,3977.0,6047.0,21.956000000000003,104184245.84,0.21088295687885011,109.11440214690391,172.4635969635181,114.48974885392376
nhdhr_83826087,nhdhr_34119718,nan,1.5e-323,2.481577230545334,1.6460857350726186,40.0,95.0,-0.30820100000000017,1513996.6147999999,-0.16413415468856946,18.398219879504595,139.31747987267585,81.11776154373564
nhdhr_122851099,nhdhr_143249864,nan,-5056544.0,3.587134722259968,3.0213941264190005,823.0,1019.0,0.539139999999998,-1206348.9717,0.18240930869267624,5.184821170118931,139.35181236060635,81.14562803129925
nhdhr_145088870,nhdhr_34131807,nan,2.226636561210761,1.05122102483567,3.6073068763964447,288.0,400.0,0.07982400000000034,-3563604.9312000005,0.497741273100616,0.8767929308240466,158.69110988464513,98.64996116493907
nhdhr_147307413,nhdhr_75654673,nan,1.423e-321,2.0299974763488966,1.8710927094410776,368.0,945.0,8.17313,17262823.9,0.05331964407939771,93.78195268292096,104.35940649859745,56.317044282198395
nhdhr_120018493,nhdhr_166867866,nan,288.0,4.337112800980189,2.857372529189381,646.0,1615.0,16.764000000000003,18799386.61,0.1273100616016427,50.69124423963134,86.18861404359706,45.305698158492106
nhdhr_120018495,nhdhr_80005045,nan,nan,2.2569029576744892,4.68396300156655,950.0,1521.0,-0.3048000000000002,-2425069.2320000003,0.08145106091718002,2.0618556701030943,61.56987723536839,31.551075993884954
nhdhr_120018510,nhdhr_120020343,nan,nan,1.8823191477541237,3.281922461265687,486.0,894.0,-1.828800000000001,1699385.0770000005,-0.020876112251882295,15.384615384615394,20.375207077636816,10.214175196553441
nhdhr_120018511,nhdhr_139268769,nan,nan,1.777868808557146,1.434370007314095,435.0,1616.0,-2.4383999999999997,114968.16229999997,-0.0755646817248461,31.999999999999996,14.37971070970527,7.19917126245487
nhdhr_120019016,nhdhr_143249192,nan,-2.0,2.032555741428078,2.889225474485949,947.0,1335.0,-34.442400000000006,-15475101.227,-0.24709103353867212,75.08305647840533,121.98482594262589,68.05442723161613
nhdhr_120020759,nhdhr_143249864,nan,3.0990909092654233,1.4118879962888908,1.5285592977472013,823.0,1019.0,6.400799999999999,-1468046.0477,0.3579055441478439,85.71428571428572,147.3151365495656,87.87823880650791
nhdhr_120020798,nhdhr_139268769,nan,2.5e-322,2.1039521402717503,2.104658589340327,435.0,1616.0,-0.5991999999999997,-1022423.2372999999,0.06598220396988363,8.942749686585872,74.72694837356913,38.7673179349335
nhdhr_59808243,nhdhr_120018071,nan,51.0,2.869326416695112,3.519070513301872,1872.0,2616.0,4.571999999999999,80235.26367,0.02546201232032863,23.25581395348837,60.24902736161681,30.840842666358277
nhdhr_72863203,nhdhr_120018139,nan,nan,2.3359446752741704,2.048860149540367,1123.0,1880.0,2.3919999999999995,294302.2617,0.09828884325804244,21.753364859949066,56.829857106219784,29.012883359468756
nhdhr_86273851,nhdhr_139268769,nan,nan,2.189783944350436,1.7371319040414073,435.0,1616.0,-2.7432,-10160.91359999997,-0.05968514715947981,35.29411764705882,1.1786494477722542,0.5893298408403861
nhdhr_86274219,nhdhr_120020206,nan,nan,1.5502119220476047,1.4285115499341152,448.0,738.0,6.400799999999999,11132864.793,-0.05982203969883637,82.35294117647058,161.84578018558184,101.95051664589398
nhdhr_86275155,nhdhr_120018090,nan,-2.0,2.1969123605043426,1.3973200717877388,672.0,997.0,-0.6096000000000004,137.7039999999688,0.014373716632443578,12.500000000000005,0.050679830021095836,0.025339915417319735
nhdhr_86275565,nhdhr_120018379,nan,1.8045300607839754,1.8017931258751632,1.3240009123941636,1100.0,1269.0,1.314397,2942316.285,-0.11423682409308694,49.46551791294478,114.9042171032852,63.18661687130778
nhdhr_86275759,nhdhr_120018074,nan,1.17e-321,2.0527170632312566,3.116323492703236,1028.0,1831.0,-7.619999999999999,496.843200000003,-0.05331964407939771,42.73504273504273,0.17345214967852013,0.08672609114684121
nhdhr_86275955,nhdhr_120018084,nan,237.0,2.0703595269565818,2.1089283441449465,2760.0,4441.0,4.267199999999999,-160130.0869,0.09212867898699528,28.571428571428566,42.530256553033404,21.51112786411047
nhdhr_120019913,nhdhr_139268769,nan,3e-323,2.9125061895373467,2.304248508652641,435.0,1616.0,-6.096,-1553719.2952999999,-0.030869267624914487,64.51612903225806,95.09499351434539,50.58972905779407
nhdhr_120019932,nhdhr_120018114,nan,3.5e-323,4.530179155378485,2.850466045974803,3977.0,6047.0,-0.29439999999999955,78641130.57,-0.017180013689253926,0.9421644179318452,107.46117513741409,58.2954901640233
nhdhr_166867846,nhdhr_139269431,nan,1e-323,3.3485232173550226,2.994930647557621,690.0,1887.0,-10.096000000000004,-10111717.816,0.028405201916495537,27.24819173054087,114.2707112772406,62.76182677686537
nhdhr_166867852,nhdhr_120018133,nan,-2.7070164680480957,2.2224966865956826,2.0482080737059336,1618.0,2636.0,-9.144000000000002,-84315.59299999988,-0.08323066392881584,35.29411764705883,3.0526601948450756,1.5264190044327168
nhdhr_166867860,nhdhr_86275195,nan,3.649784312048461,2.352596592915254,2.147992325765227,383.0,1241.0,-20.4216,-4404198.371,-0.02970568104038329,77.45664739884394,132.89848272057293,76.05955602519857
nhdhr_166867865,nhdhr_34131278,nan,1.423e-321,2.310850287036258,2.272536233918827,566.0,845.0,-3.962399999999999,-38015.94009999989,-0.02792607802874736,26.8041237113402,5.294728553323739,2.647828293082672
nhdhr_166867869,nhdhr_120018211,nan,288.0,3.6020084315699052,4.011975221745649,1901.0,2745.0,-12.4968,339463.72200000053,-0.05523613963039009,51.57232704402516,10.855592188558095,5.431799697463172
nhdhr_166867872,nhdhr_166867866,nan,nan,3.848179613783474,2.138530438659616,646.0,1615.0,17.068800000000003,24031370.865,0.03305954825462021,51.85185185185185,125.18997878999913,70.33685139331361
nhdhr_47478911,nhdhr_81002103,nan,nan,2.5290295622158663,3.0198841013734627,1552.0,2367.0,-13.716,-790602.2290000003,-0.11895961670088973,66.66666666666667,25.827483571123512,12.968034357049637
nhdhr_47480235,nhdhr_91594833,nan,nan,2.2634484961867063,2.1288934915530624,1280.0,1754.0,-2.4383999999999997,93588.92999999993,-0.001368925393566034,15.384615384615383,8.127535137260622,4.065446702850898
nhdhr_151948642,nhdhr_120020206,nan,-2.0,1.8878065993071134,1.8595580619750463,448.0,738.0,1.130279999999999,2734323.2929999996,0.0328542094455852,10.860078057891966,24.682557305490793,12.388631581250866
nhdhr_151949390,nhdhr_120019638,nan,3.399001999453572,4.075019812071616,2.717792378935242,220.0,972.0,20.228800000000003,2989809.2200000007,0.09007529089664612,67.84909305570463,28.538996112226204,14.342885501171493
nhdhr_151949888,nhdhr_139268769,nan,1.265e-321,2.329108686020555,3.0292235379399384,435.0,1616.0,-2.7432,235617.73589999997,-0.09555099247091037,35.29411764705882,31.87505028782412,16.040036408508982
nhdhr_74926427,nhdhr_143249640,nan,256.0,6.79490955519518,4.224501998932894,2811.0,3395.0,-10.308399999999999,-45458190.260000005,0.028473648186173872,37.27607379710857,125.13719805020193,70.29883371714158
nhdhr_74926457,nhdhr_120020354,nan,nan,3.8501894268383214,2.6397628009423966,854.0,1483.0,-12.191999999999998,-13965289.982,-0.019233401779602977,57.14285714285714,101.08136124250215,54.26076628085879
nhdhr_74926527,nhdhr_120018133,nan,nan,1.6028070035789526,1.8694401743576186,1618.0,2636.0,-14.753240000000005,-515866.1469999999,-0.06728268309377139,51.38242347789929,17.323664550070088,8.678140365781442
nhdhr_74926543,nhdhr_86274695,nan,nan,3.374439288481919,2.2312024933917103,716.0,1403.0,1.8838000000000008,-2188345.1939999997,0.08062970568104044,10.86007805789198,79.62724768813274,41.53035808355942
nhdhr_74926703,nhdhr_86274695,nan,-2.0,2.2891387239494185,2.0742008483917806,716.0,1403.0,1.8838000000000008,-1605274.1210000003,0.04373716632443536,10.86007805789198,65.34267114030628,33.593071070499114
nhdhr_74926805,nhdhr_141288680,nan,1.0968358223799264,2.5762499723205883,3.954990991783694,2357.0,3058.0,-3.960000000000001,-441162.9042000001,0.02306639288158796,18.965517241379317,43.04344961693856,21.776882400081735
nhdhr_74927813,nhdhr_120020343,nan,1.6e-322,3.952766667101393,4.641744314359662,486.0,894.0,4.876799999999999,8046157.5370000005,-0.14264202600958253,57.14285714285714,155.71994750726063,95.6792320688394
nhdhr_70333891,nhdhr_143249192,nan,32.0,2.934480547642726,2.108133759263013,947.0,1335.0,11.5824,2259386.4529999997,-0.09534565366187542,50.66666666666667,59.16415833259396,30.25922841835895
nhdhr_77358322,nhdhr_143416561,nan,4.4e-323,2.5631758677836154,2.098741762047831,668.0,991.0,11.2746,312948182.2,-0.2360711841204654,107.23314406368591,188.53881007737098,141.36964172284442
nhdhr_120018091,nhdhr_121623126,nan,6e-323,2.7797594472811307,2.291595596741162,285.0,479.0,-2.743199999999999,-532377.102,-0.04168377823408631,29.508196721311464,59.66978863185438,30.53011283333637
nhdhr_120018120,nhdhr_86274823,nan,3.5e-323,3.0665418634529025,4.200066244315302,195.0,530.0,-1.0799999999999992,134932.6261,-0.09787816563997254,13.235294117647047,28.457534263907714,14.301523648492296
nhdhr_120018135,nhdhr_34119718,nan,173.54753875732422,2.0247422935807613,2.013147852807562,40.0,95.0,-0.47893300000000005,1408558.3639999998,-0.16194387405886385,27.203856103845798,123.6181272973748,69.21093658925848
nhdhr_120018136,nhdhr_143249864,nan,1.8631524425686412,2.7022811833251827,2.309398582109949,823.0,1019.0,-0.3048000000000002,-408777.2705,-0.0003422313483915085,2.816901408450706,87.55134704979571,46.10165277613395
nhdhr_120018220,nhdhr_120020211,nan,1.00315e-319,2.6687987707284235,2.8739907719072884,130.0,250.0,0.6103999999999994,-3321341.4233,0.36577686516084873,9.103382449442215,161.8582531749585,101.96389180820495
nhdhr_120018226,nhdhr_120020334,nan,20304.0,2.868739535737537,2.1534844997844087,362.0,570.0,2.4383999999999997,-1180857.5696,0.07871321013004795,31.999999999999996,80.13335085638329,41.81836618813634
nhdhr_120018233,nhdhr_139268769,nan,5e-323,1.92837897304102,1.2927208628830822,435.0,1616.0,2.1336000000000004,112599.16720000003,-0.008966461327857722,40.00000000000001,14.062573304710678,7.039998694538043
nhdhr_120020198,nhdhr_120020343,nan,5.4e-323,2.4953914326745688,1.8981245208970037,486.0,894.0,7.924799999999999,7967348.583000001,-0.1085557837097878,113.04347826086956,153.02773024043424,93.09017418603744
nhdhr_120020200,nhdhr_120018049,nan,1.5e-323,3.096992331268435,2.425677929790937,1584.0,2349.0,10.0584,-30381.196999999927,0.13175906913073232,74.15730337078652,3.1088963279854775,1.5545420760199955
nhdhr_120020225,nhdhr_139268769,nan,-39412784.0,2.317666494799426,1.618537705249208,435.0,1616.0,1.2191999999999998,-45026.09570000006,-0.004996577686516179,21.052631578947366,5.119431162509012,2.5601350092914257
nhdhr_120020235,nhdhr_86275195,nan,1.7638906067051978,2.062412011689193,1.4649888363569705,383.0,1241.0,9.753599999999999,-93877.39099999983,0.09520876112251886,86.48648648648648,8.101284598486853,4.052305207147222
nhdhr_120020236,nhdhr_120017988,nan,9.4287e-320,1.9591292895846666,1.254218432871316,153.0,289.0,4.572000000000001,5514733.554299999,-0.2086242299794661,81.0810810810811,170.3650981931206,111.80091102643892
nhdhr_32671150,nhdhr_167256799,nan,19084.0,2.5878934960720392,3.172627422231119,266.0,597.0,0.0,-3294633.0150000006,0.09739904175222447,0.0,78.71106605710247,41.01027868003494
nhdhr_34130818,nhdhr_32672122,nan,nan,3.1249131577362834,1.7692801487101133,1247.0,1525.0,2.7432,152681.6168,-0.02758384668035585,36.73469387755102,52.15420612557303,26.536169801131997
nhdhr_34131145,nhdhr_91685475,nan,nan,1.8008018173926397,2.4415354984613877,340.0,520.0,-8.2296,-27910.747000000003,-0.031485284052019114,43.90243902439024,14.128445766789508,7.073058133686488
nhdhr_34132376,nhdhr_120020199,nan,nan,2.5372415669671584,1.5042891911768108,1384.0,2263.0,1.8287999999999993,42584.78849999991,0.0323066392881588,14.634146341463408,6.137882528918969,3.0696642179001423
nhdhr_34132539,nhdhr_120018100,nan,-2.0,1.838499728656004,1.6105675885435047,2522.0,4014.0,-1.2192000000000007,616117.1059999999,-0.038056125941136165,4.347826086956524,44.349144618585576,22.45407473967682
nhdhr_34133487,nhdhr_34130604,nan,1.4801594762422943,2.425724311013414,1.7424057483408095,1663.0,2669.0,-10.3632,78529.53429999994,-0.07337440109514037,50.74626865671642,12.59332358492426,6.302915439086894
nhdhr_34242518,nhdhr_86275195,nan,3.86e-321,4.395711803826152,2.5598623189553784,383.0,1241.0,-3.9624000000000024,22963.215000000084,-0.0819301848049282,21.848739495798334,2.0868515690026817,1.043454186463542
nhdhr_45338945,nhdhr_34119718,nan,781.0,3.1019452414351893,1.657443292470869,40.0,95.0,-0.4601330000000001,1601089.5055999998,-0.23148528405201912,26.276294754226342,153.48196105447172,93.52058878100861
nhdhr_91593573,nhdhr_34129366,nan,nan,3.6686642566158527,1.2723881583617433,466.0,820.0,1.3768000000000002,13006.751449999996,-0.012251882272416248,32.87174099894949,16.21666291747822,8.121702513213833
nhdhr_91594453,nhdhr_139268769,nan,nan,2.0055797446004284,1.8461602514600364,435.0,1616.0,1.524,499511.9704,-0.08631074606433953,27.027027027027028,82.25877336662451,43.0335615256
nhdhr_91594459,nhdhr_120020387,nan,nan,2.269782880159121,1.7992098712611944,547.0,929.0,1.6816000000000004,13793.843999999983,0.04585900068446269,38.73940287504609,4.767821477450047,2.384249530930775
nhdhr_91594761,nhdhr_120020199,nan,-2.0,3.7819878128547364,1.9541980320855894,1384.0,2263.0,-6.400800000000002,41465.457199999946,-0.06591375770020524,38.532110091743135,5.971732526372038,2.9865320646169455
nhdhr_91595175,nhdhr_34129366,nan,1.7609823920394727,2.103906098070953,1.9941253866484063,466.0,820.0,-0.6095999999999995,5033.977829999989,-0.000410677618069899,11.764705882352933,5.979130141653651,2.9902333503917737
nhdhr_91595965,nhdhr_91595845,nan,9.043e-320,2.802620641310892,2.808817077396679,249.0,370.0,-4.267199999999999,4761.271259999994,-0.030800821355236097,27.999999999999993,9.327930334958838,4.666504260667291
nhdhr_91596049,nhdhr_120020343,nan,18303.0,1.998670008910902,1.3582499110076351,486.0,894.0,7.010399999999999,8613485.3724,-0.17816563997262147,93.87755102040815,176.38276512571733,119.87324185455996
nhdhr_91598525,nhdhr_120020208,nan,6.4e-323,1.5859694607471577,1.4762742067514871,269.0,361.0,2.1336000000000004,-2746175.1637999997,0.3676933607118412,51.85185185185185,149.72652820843854,90.03480141638576
nhdhr_120018423,nhdhr_139268769,nan,7e-323,1.8784756135387883,1.2591864670185997,435.0,1616.0,2.1336000000000004,27598.788899999927,0.05824777549623539,40.00000000000001,3.2730964757750973,1.6366578313392186
nhdhr_121629875,nhdhr_120020844,nan,1e-323,2.34272186693337,1.745418599592504,951.0,969.0,3.048,-8752010.36,0.1027378507871321,100.0,134.8383051371395,77.55761793134312
nhdhr_159101724,nhdhr_120020208,nan,-14.631199836730957,1.7790525363487266,1.7127533760468503,269.0,361.0,3.6816000000000004,-1916935.2588,0.37659137577002055,110.20114942528735,135.04228991708203,77.71662475653697
nhdhr_32672239,nhdhr_120018094,nan,3.16904017654719,2.2818011367512767,2.120773576410678,251.0,377.0,2.1336,-4832783.231000001,0.34442162902121837,60.8695652173913,156.31228914864664,96.26158894952346
nhdhr_141288146,nhdhr_120019294,nan,6.03e-321,1.7819003078977227,2.744734983244059,2704.0,4296.0,4.8768,489350481.31,-0.10622861054072552,50.0,178.70939117050534,123.33548784979351
nhdhr_155444180,nhdhr_32672122,nan,1220.0,3.600084422431147,3.960105817768047,1247.0,1525.0,-0.3048000000000002,139975.216,-0.02799452429842575,3.3898305084745783,46.798247482073286,23.728490545988564
nhdhr_157076137,nhdhr_139268769,nan,nan,2.654733942929925,2.1056063105109386,435.0,1616.0,-4.571999999999999,-1591460.0183,0.024435318275153994,52.63157894736841,96.29276608910236,51.316020708289145
nhdhr_70331641,nhdhr_120018114,nan,nan,1.9529971011816962,1.8600732805103772,3977.0,6047.0,22.565600000000003,110835475.5,-0.019507186858316206,113.86876047070224,194.16275697949686,156.6037680656028
nhdhr_70332231,nhdhr_120018211,nan,nan,3.0083617747999765,2.3798855559843894,1901.0,2745.0,1.828800000000001,2311982.1004000003,0.036139630390143784,10.71428571428572,107.99481327239448,58.63924039414038
nhdhr_68838259,nhdhr_120018071,nan,-2.0,2.4676606889395583,1.8762451857716531,1872.0,2616.0,1.9455999999999989,70666.1727,0.02101300479123891,9.276777540433317,51.223236824355986,26.045987268327213
nhdhr_68838273,nhdhr_120020805,nan,2.8817591123025412,2.1472455954079157,1.9162043611285777,976.0,1345.0,9.3256,253613.61200000002,0.09863107460643394,96.51032826923873,75.9059077196185,39.42796138583984
nhdhr_75651475,nhdhr_32672122,nan,1.17e-321,3.4459423927181505,4.905161262026799,1247.0,1525.0,1.2191999999999998,254645.4203,-0.040109514031485216,14.814814814814813,105.32616252008931,56.93016492511974
nhdhr_76155937,nhdhr_34129366,nan,237.0,2.3813774031176984,2.5315696783434825,466.0,820.0,-3.3527999999999993,-25645.644570000004,0.020123203285420943,51.16279069767441,25.76615565889655,12.936982402920231
nhdhr_121858926,nhdhr_139268769,nan,nan,2.7330259847750282,3.0519932168068054,435.0,1616.0,-3.6991999999999994,210873.0776999999,-0.036344969199178734,44.83661398235237,28.05789805091089,14.098663188362043
nhdhr_129223861,nhdhr_120018114,nan,nan,2.5531744308169757,2.4980459485884285,3977.0,6047.0,3.668000000000003,102249310.57,0.04106776180698157,12.5333151096836,166.592551155787,107.24871861198027
nhdhr_129225129,nhdhr_155635994,nan,nan,2.0205530179993363,2.396415043732484,693.0,1519.0,1.524000000000001,1171192.244,0.02559890485968519,6.896551724137935,44.83795812005985,22.7079892803632
nhdhr_129226232,nhdhr_120019749,nan,-2.0,2.745264653386266,3.88214402339511,267.0,657.0,-21.401999999999994,-26232492.987999998,0.051813826146475006,73.04187570390087,120.6201391189434,67.09822740370386
nhdhr_151870593,nhdhr_120020204,nan,2.9526947735686098,2.2456555718210547,2.6570575933306833,577.0,797.0,-14.020800000000001,2261.297499999986,-0.004380561259411442,71.875,0.4905444579577369,0.2452725978600165
nhdhr_152707734,nhdhr_139269431,nan,4.857e-321,1.5921881748211668,4.5765749508937885,690.0,1887.0,10.058399999999999,2527583.883,-0.040246406570841886,37.28813559322034,99.93357713661347,53.54874253426068
nhdhr_155417639,nhdhr_143249192,nan,983.0,2.556508532986951,2.881873274111979,947.0,1335.0,15.24,3416428.057,0.019575633127994485,72.46376811594205,105.43481818872313,56.99927114171868
nhdhr_82815984,nhdhr_166867866,nan,-2.2888838830743224e+18,4.482788467452748,8.133289742827417,646.0,1615.0,17.068800000000003,12211832.799999997,0.2264887063655031,51.85185185185185,48.64169129001449,24.69153917511811
nhdhr_82819488,nhdhr_139268769,nan,4.427e-321,1.536955573543663,4.191542937693531,435.0,1616.0,-2.7432,318008.4908,-0.05304585900068448,35.29411764705882,45.56019373117262,23.083556563325594
nhdhr_82819600,nhdhr_143249413,nan,4.19e-321,3.515817788464422,2.7437008058558763,320.0,892.0,6.096,1674.8570000000764,0.17481177275838466,39.21568627450981,0.14953958208673296,0.07476980149342628
nhdhr_82819628,nhdhr_141288680,nan,5e-324,2.2654525603078204,1.6071450163032228,2357.0,3058.0,0.30719999999999814,311819.40449999995,0.03545516769336077,1.6387146332095661,48.088112382086365,24.401986188104416
nhdhr_113471457,nhdhr_120018114,nan,4e-323,1.8721810754238262,2.8575063260166473,3977.0,6047.0,4.600000000000001,76980108.42,0.0796714579055442,15.972222222222227,104.0110359612558,56.09686831315967
nhdhr_121857622,nhdhr_0E445706-1F3E-47FA-8A83-D38E2C953307,nan,5e-324,1.8344422662379067,1.819884274133786,2684.0,7458.0,4.267199999999995,56127679.629999995,0.24202600958247777,9.859154929577455,80.95717884245427,42.288284994127736
nhdhr_121859009,nhdhr_143249864,nan,87.0,4.211257391211695,2.7872043481836157,823.0,1019.0,0.0,140973.51189999998,-0.049691991786447676,0.0,73.4142809519022,38.034688662427335
nhdhr_121859022,nhdhr_120019712,nan,1.921189668662499,5.029959399910624,4.336331687368592,935.0,1302.0,1.2191999999999998,541443.4104000002,0.0026694045174537884,14.814814814814813,68.12995465601077,35.11508944794726
nhdhr_60087894,nhdhr_152335372,nan,1.0316e-319,2.9358222987242426,3.2846377879275814,911.0,1631.0,2.1119999999999983,787595.7920000001,0.02313483915126624,10.918114143920587,47.42124105022856,24.05357965048738
nhdhr_121622394,nhdhr_120020343,nan,20880.0,3.378273562368855,2.3492842846042143,486.0,894.0,-2.7432,-676170.1719999984,0.036002737850787114,22.22222222222222,7.096490650270244,3.549362842923727
nhdhr_139269433,nhdhr_167256799,nan,1e-323,2.030128963108261,3.44537705092351,266.0,597.0,0.3048000000000002,1485220.2789999999,0.02060232717316901,1.7699115044247797,82.70504401690198,43.28990398542294
nhdhr_143249221,nhdhr_32672122,nan,2.5e-323,2.051049850810961,2.272838273759035,1247.0,1525.0,-6.4008,-21829.014400000044,-0.03394934976043806,53.16455696202532,5.744391948758197,2.8727885740520205
nhdhr_143249294,nhdhr_143249413,nan,0.0,2.549753491795303,2.1578350822971566,320.0,892.0,-0.3048000000000002,-2167590.718,0.09178644763860366,1.6260162601626025,98.31939974492076,52.55409463806282
nhdhr_143249464,nhdhr_32672122,nan,52.0,3.1385866281240804,3.633088849463015,1247.0,1525.0,-3.3528000000000002,-27777.959499999997,-0.0017111567419575424,31.884057971014496,7.253107227552598,3.627746799493953
nhdhr_143249522,nhdhr_81002103,nan,3.3583662003283257,1.9055404024968305,1.8810898490417534,1552.0,2367.0,-0.3048000000000002,1645215.9669999997,-0.06002737850787132,2.1978021978021993,89.25965758508514,47.10559873503874
nhdhr_143249705,nhdhr_120020240,nan,2.846e-321,1.9626094119033313,1.8265242404210194,514.0,898.0,9.7592,2503894.8669999996,0.042368240930869216,84.27924971501606,95.79369887777355,51.01292032253688
nhdhr_155442361,nhdhr_141288680,nan,576.0,2.835628111336211,3.3112902815094176,2357.0,3058.0,5.183999999999999,-525209.3432000001,0.08932238193018482,31.78807947019867,49.22540101380951,24.997187425887287
nhdhr_155444215,nhdhr_81002103,nan,1.5e-323,2.5712445771727355,2.257036915199582,1552.0,2367.0,5.1815999999999995,793245.3989999997,0.04168377823408631,46.57534246575342,34.957588981203386,17.614371417027016
nhdhr_68840139,nhdhr_121623043,nan,2e-323,5.039739444191994,5.057726976442204,1018.0,1464.0,-4.267200000000001,-1117809.5889999997,-0.06995208761122518,24.561403508771935,26.11722743444817,13.114764794972555
nhdhr_75655457,nhdhr_32672122,nan,1.5e-323,2.175032400345324,2.7158925096078663,1247.0,1525.0,-1.8287999999999993,18264.04839999997,-0.02067077344284729,18.749999999999993,5.073922862523043,2.5373697707651988
nhdhr_75659739,nhdhr_91685475,nan,-5056544.0,2.589234401231417,2.4162269583658498,340.0,520.0,1.5239999999999991,127142.47549,0.02984257357973996,10.989010989010982,105.93140129306389,57.31561426494164
nhdhr_109981506,nhdhr_91688455,nan,2.226636561210761,3.150034599689316,2.4169223312869295,1511.0,2407.0,10.3632,303599.48540000006,0.18802190280629705,69.38775510204081,45.31938172190085,22.958279067700857
nhdhr_121622760,nhdhr_32672122,nan,1.423e-321,4.386091093961901,2.9529581194948133,1247.0,1525.0,1.8288000000000002,-54878.28649999999,0.040246406570841886,23.07692307692308,13.83962016996327,6.928113642334422
nhdhr_121622916,nhdhr_120018379,nan,288.0,2.6152613224647836,2.2252881389774366,1100.0,1269.0,2.0951969999999998,-4850210.7129999995,0.001095140314852805,92.4297858852474,75.11633370045253,38.985234982792875
nhdhr_121623004,nhdhr_120020343,nan,nan,2.291854786815363,2.1932062259973413,486.0,894.0,8.5344,8059376.515000001,0.07152635181382616,127.27272727272727,156.1755516947064,96.1267329810065
nhdhr_121623268,nhdhr_139268769,nan,nan,3.611544110256833,2.7667486237291636,435.0,1616.0,-2.4383999999999997,269192.5841,-0.07268993839835736,31.999999999999996,37.26342459783009,18.796276909751207
nhdhr_121623301,nhdhr_143249192,nan,nan,2.627902173069659,1.6140722005894512,947.0,1335.0,11.8872,1993580.216,-0.040383299110198556,52.348993288590606,50.448081479784356,25.638557250010557
nhdhr_121623808,nhdhr_139268769,nan,-2.0,2.6947519505668867,1.7344621786969596,435.0,1616.0,-0.3047999999999993,511872.02829999995,-0.04394250513347031,4.651162790697663,85.16090308052736,44.70822358960013
nhdhr_121623866,nhdhr_81002103,nan,3.0990909092654233,2.0486268140436317,3.0030200221657113,1552.0,2367.0,3.6575999999999986,838540.9409999996,0.06290212183436006,30.76923076923076,37.32626233563251,18.82853965582846
nhdhr_121623871,nhdhr_120020354,nan,2.5e-322,1.9925368190498127,3.2242845295255527,854.0,1483.0,-25.908,-15090057.922000002,0.061327857631759075,91.89189189189189,104.95041087465296,56.691489828028075
nhdhr_143250015,nhdhr_143249192,nan,51.0,1.6700996419256777,2.8479577873278337,947.0,1335.0,19.202399999999997,-8012515.307,0.2064339493497604,100.79999999999998,89.4773817433052,47.234053809415876
nhdhr_143250529,nhdhr_120018379,nan,nan,1.9087188858737971,1.8323274993296033,1100.0,1269.0,1.180797,-38873919.71,0.02190280629705682,43.347931358993044,165.64094371344012,106.15112639428999
nhdhr_143250615,nhdhr_32672122,nan,nan,2.802244784306782,1.8904210516741293,1247.0,1525.0,2.7432,55611.17540000001,0.049897330595482625,36.73469387755102,16.29461702395066,8.160873752213572
nhdhr_143251029,nhdhr_120019638,nan,nan,1.9952258196999164,2.172248153719482,220.0,972.0,22.860000000000003,4254045.241,0.17275838466803561,80.21390374331551,43.21413396795812,21.865321279043528
nhdhr_152517931,nhdhr_152335372,nan,-2.0,1.8655612961374415,3.6555399824884436,911.0,1631.0,-0.6311999999999998,1171203.8581,0.0013004791238877544,3.0469790882233667,79.72546125078416,41.5862084756573
nhdhr_155636540,nhdhr_152335372,nan,1.8045300607839754,2.8064575492329786,2.1131766810344734,911.0,1631.0,3.026399999999999,2970.9539999999106,0.04551676933607118,16.023889700743368,0.14470134641076277,0.07235068267358441
nhdhr_155636695,nhdhr_139268769,nan,1.17e-321,4.666228205239871,3.890930657000447,435.0,1616.0,-6.4008,-479480.2023,-0.003696098562628425,66.66666666666666,43.71864765897518,22.126881339913915
nhdhr_155637270,nhdhr_120018100,nan,237.0,1.8778611433396641,1.5425595621405257,2522.0,4014.0,3.0479999999999983,-718624.4879999997,0.28261464750171117,11.764705882352935,34.942132090204844,17.606461338891734
nhdhr_155637595,nhdhr_141288680,nan,3e-323,1.3172350706913138,1.6577497298037291,2357.0,3058.0,-10.056000000000001,-327319.77320000005,0.03675564681724852,42.02607823470412,33.81392012523436,17.02953770167358
nhdhr_157067854,nhdhr_120018140,nan,3.5e-323,3.01274819341694,2.9591894016121407,790.0,1373.0,-4.6080000000000005,675130.9034,0.05154004106776178,31.788079470198678,78.23393665843943,40.74008223978919
nhdhr_152335370,nhdhr_121623043,nan,1e-323,2.0252470979325743,1.6147996632092754,1018.0,1464.0,-3.9624000000000006,-1588725.13,-0.010403832991101924,23.00884955752213,35.184374317074024,17.730448022006534
nhdhr_152517995,nhdhr_121623043,nan,-2.7070164680480957,1.360980829686296,2.468614455454713,1018.0,1464.0,-18.287999999999997,-4564605.329,-0.005817932922655755,74.99999999999999,76.03407230586089,39.49993315003586
nhdhr_152518175,nhdhr_34130604,nan,3.649784312048461,4.08180552757284,6.334222701734486,1663.0,2669.0,4.267200000000001,65387.265599999926,0.18795345653661877,32.55813953488372,10.376430395422888,5.191711259115715
nhdhr_120018204,nhdhr_34129544,nan,1.423e-321,2.397860024134015,2.0909005284295654,1974.0,3307.0,19.836799999999997,420866.97640000004,0.16105407255304593,111.3276163965339,71.3837793668388,36.907333501547996
nhdhr_120018361,nhdhr_120020208,nan,288.0,1.688213222167371,1.4008870361736976,269.0,361.0,3.3528000000000002,-2505880.9638,0.3796714579055442,95.65217391304348,146.20244329702498,86.90295962525086
nhdhr_120019661,nhdhr_166867866,nan,nan,3.490186463219634,6.327105524152532,646.0,1615.0,7.924800000000005,8708435.899999999,0.05366187542778922,21.138211382113834,32.424729357437556,16.320319913949668
nhdhr_120019732,nhdhr_120018114,nan,nan,4.394124123382852,4.398920418856477,3977.0,6047.0,10.9832,86881916.01,0.09014373716632446,42.88905202980271,125.80537140207126,70.78121661807126
nhdhr_122551004,nhdhr_86275133,nan,nan,2.1342941311263783,2.0855365861984585,131.0,383.0,3.9623999999999997,-14380119.3136,0.2952772073921971,78.7878787878788,185.06916104807794,134.1932541587352
nhdhr_58125241,nhdhr_143249192,nan,-2.0,2.8925815018635603,2.786775164023534,947.0,1335.0,-19.812,-5599120.257000001,-0.24688569472963728,51.38339920948617,72.2644613177503,37.39542985974535
nhdhr_58125935,nhdhr_120018379,nan,3.399001999453572,1.957161233637811,1.1882936177342216,1100.0,1269.0,1.1803970000000001,3176908.408,-0.15263518138261462,43.330065705564415,130.02144659388884,73.88243464855098
nhdhr_59753059,nhdhr_120018081,nan,1.265e-321,1.963068324915982,2.327461683025974,1345.0,2115.0,-4.571999999999999,-119555.29589999991,-0.004791238877481119,30.92783505154639,11.82737053231248,5.918864613391174
nhdhr_120018005,nhdhr_120020208,nan,256.0,1.686530604040016,1.4224365376732078,269.0,361.0,3.0480000000000005,-1178033.6178000001,0.3189596167008898,83.33333333333334,112.1876357695033,61.37657007547216
nhdhr_120018038,nhdhr_120018081,nan,nan,2.366781360003471,1.5625868908261225,1345.0,2115.0,-4.571999999999999,335567.9854,-0.08083504449007528,30.92783505154639,42.84170237044449,21.67238130578549
nhdhr_120019861,nhdhr_120018211,nan,nan,3.2605189434345285,3.3941067180436177,1901.0,2745.0,13.1064,1155751.2400000007,0.21047227926078033,114.66666666666667,42.507382110198016,21.499287749321493
nhdhr_120019864,nhdhr_120018133,nan,nan,2.9841173237736665,2.266445034064579,1618.0,2636.0,-9.144000000000002,-449633.1259999997,-0.02806297056810403,35.29411764705883,15.269257573779257,7.645786424683411
nhdhr_34121878,nhdhr_120018379,nan,-2.0,2.489557071599994,2.0936892251365564,1100.0,1269.0,1.959397,3151664.1444,-0.11492128678986996,83.92505499104061,128.32536226128718,72.62259746795073
nhdhr_34122432,nhdhr_143416561,nan,1.0968358223799264,3.905989879359386,4.218187933462353,668.0,991.0,14.151399999999999,322350038.264,-0.4557837097878165,155.92626464074397,199.86342954214322,192.74178794498454
nhdhr_45337659,nhdhr_120020367,nan,1.6e-322,2.192828771852865,2.348994734662577,165.0,248.0,-6.2776,-200436.1151,-0.033401779603011605,77.1317638963975,86.71323007751872,45.61161349045269
nhdhr_45365491,nhdhr_120018211,nan,32.0,2.3972143690799244,1.976372096359104,1901.0,2745.0,0.5832000000000015,1025717.6700000004,-0.03271731690622859,3.2964796852743756,36.843847117937436,18.58092819781482
nhdhr_45730354,nhdhr_37648633,nan,4.4e-323,3.2899531809593805,2.428506112634051,504.0,918.0,2.4383999999999997,543963.4903000002,0.0021218343600274414,25.0,60.856862844026814,31.16739062467811
nhdhr_45730422,nhdhr_32672122,nan,6e-323,3.8395236148964225,2.787417158026614,1247.0,1525.0,2.1336000000000004,38040.08619999996,-0.009445585215605679,27.450980392156872,10.866388401314362,5.4372097726336674
nhdhr_45730856,nhdhr_120018102,nan,3.5e-323,2.5278549751608006,4.180668970427074,429.0,608.0,0.6096000000000004,205107.22990000003,-0.010061601642710416,5.55555555555556,42.95136695623217,21.729181000004296
nhdhr_81642813,nhdhr_34130604,nan,173.54753875732422,2.0188222718351296,1.5859609191521153,1663.0,2669.0,-4.572000000000001,243379.41479999997,-0.054346338124572235,26.086956521739136,44.97400502818974,22.77869776724254
nhdhr_120017991,nhdhr_120018100,nan,1.8631524425686412,2.801150154789177,2.013888022244762,2522.0,4014.0,19.202399999999997,-38611.74600000004,0.21731690622861055,107.6923076923077,2.249306374642379,1.124688752363605
nhdhr_120017997,nhdhr_120018379,nan,1.00315e-319,2.1325630006194807,1.2425626388023805,1100.0,1269.0,2.314397,2968307.993,-0.0698836413415469,107.28715971200612,116.5105651428658,64.27130689961633
nhdhr_120018007,nhdhr_34129366,nan,20304.0,4.563671295193937,2.0383140466201444,466.0,820.0,1.5240000000000005,15745.833509999997,-0.016769336071184138,37.03703703703705,19.972758162359554,10.011401993655287
nhdhr_120018008,nhdhr_120020343,nan,5e-323,2.0525434676259473,1.5245441617604214,486.0,894.0,6.400799999999999,6962538.523,-0.025051334702258732,82.35294117647058,121.95982449436724,68.03682772562803
nhdhr_120018012,nhdhr_120018379,nan,5.4e-323,3.25137170362025,3.1289447212540136,1100.0,1269.0,2.4041294,3208145.81,-0.013620807665982226,113.81397709063106,132.14460507684777,75.48403764549123
nhdhr_120018013,nhdhr_120018379,nan,1.5e-323,4.049034710938412,3.63943690919656,1100.0,1269.0,2.099545,2064940.341,-0.0610540725530459,92.71051337650016,68.84610898903408,35.50809023215277
nhdhr_120018014,nhdhr_120019636,nan,-39412784.0,1.6745244672369348,1.5777856813001312,172.0,475.0,6.7056000000000004,3969516.931000001,-0.0013004791238877544,75.86206896551725,101.71998042539747,54.65868742019031
nhdhr_120018017,nhdhr_143249864,nan,1.7638906067051978,2.3685780758133284,2.124074741053478,823.0,1019.0,9.448799999999999,-1239783.0387,0.35817932922655715,158.97435897435895,140.50078610253834,82.08356546528306
nhdhr_120018025,nhdhr_69886156,nan,9.4287e-320,2.260584045132843,2.162529413211002,1421.0,1933.0,1.904,358152.8999999999,-0.0277891854893908,27.014755959137343,24.47533604036262,12.283832339527898
nhdhr_120018027,nhdhr_139268769,nan,19084.0,2.390384863766299,2.2228151488097647,435.0,1616.0,4.879364000000001,589394.2146,0.04647501711156732,123.1814856310769,104.8178116647561,56.60737688129127
nhdhr_120018036,nhdhr_81002103,nan,nan,2.3272849837848275,2.511331861286942,1552.0,2367.0,5.4864,844633.6219999997,0.015400410677618104,50.0,37.64852039805319,18.994042628061273
nhdhr_120018046,nhdhr_120018114,nan,nan,2.6493428351761485,2.9754338024605484,3977.0,6047.0,6.106400000000001,102654857.953,-0.11259411362080762,21.7721807835475,167.80769476962476,108.67866586533282
nhdhr_120018047,nhdhr_139268769,nan,nan,2.308087170054566,1.7875558813116792,435.0,1616.0,4.6008000000000004,422548.219,0.06078028747433262,112.2036874451273,65.43764675404616,33.64474035640338
nhdhr_120018055,nhdhr_120020199,nan,-2.0,3.05664575682768,1.9670357156820288,1384.0,2263.0,4.267199999999999,117048.53449999995,0.045379876796714624,37.83783783783783,17.827254535064487,8.931403260734117
nhdhr_120018060,nhdhr_120018140,nan,1.4801594762422943,2.75834969380661,1.6412604963283277,790.0,1373.0,1.524000000000001,1850.2600000000093,0.008829568788501052,13.333333333333341,0.15423915899220103,0.07711959096268907
nhdhr_120018061,nhdhr_32672122,nan,3.86e-321,2.175933864541645,2.6876368825688854,1247.0,1525.0,2.4383999999999997,139773.3013,-0.019917864476385994,31.999999999999996,46.714973009024746,23.685064917125377
nhdhr_120018072,nhdhr_139268769,nan,781.0,3.083744457095731,2.5197661442950943,435.0,1616.0,-6.4008,807.7546999999322,-0.18966461327857642,66.66666666666666,0.09429813118206984,0.047149068211389825
nhdhr_120018073,nhdhr_120020199,nan,nan,2.8272046874129573,1.9103629930631743,1384.0,2263.0,4.267199999999999,-23322.68430000008,0.03880903490759757,37.83783783783783,3.209147711382139,1.604677149681934
nhdhr_120018078,nhdhr_120019704,nan,nan,2.2184819594080265,1.8758150105782956,148.0,254.0,1.8934190000000002,2130253.802,-0.34072553045859,44.03802340708865,152.09438318355257,92.2135769044403
nhdhr_120018079,nhdhr_120018459,nan,nan,3.195813069442561,2.270886561272728,567.0,1490.0,-1.8287999999999993,3254442.3730000006,-0.33470225872689935,18.181818181818176,103.66577291358323,55.879049983784334
nhdhr_120018088,nhdhr_120018114,nan,-2.0,2.983444092385633,2.1186185657169725,3977.0,6047.0,16.7744,108738944.582,-0.125119780971937,73.85439047585503,187.05502364685563,138.157949894165
nhdhr_120019336,nhdhr_81002103,nan,1.7609823920394727,2.1512223164504274,2.5433186036689297,1552.0,2367.0,4.267199999999999,693895.9539999999,-0.03634496919917862,36.84210526315789,29.924273155715902,15.046824866279376
nhdhr_120020307,nhdhr_120018133,nan,9.043e-320,6.312145093089249,6.484419768734874,1618.0,2636.0,-10.668,-643420.7220000001,-0.004243668720054661,40.0,21.154096732619845,10.606797412566234
nhdhr_120020342,nhdhr_32672122,nan,18303.0,2.5642359992720105,1.692135332247639,1247.0,1525.0,1.2191999999999998,70372.3296,-0.00691307323750856,14.814814814814813,21.07555521327322,10.567195292421246
nhdhr_120020347,nhdhr_120018097,nan,6.4e-323,4.145006894881871,1.6915766766364173,1033.0,1606.0,-0.6096000000000004,97907.23730000004,0.006502395619438772,6.250000000000003,24.275141381965852,12.182605898830216
nhdhr_120020348,nhdhr_120020343,nan,7e-323,3.0394744966765415,2.176302926876422,486.0,894.0,8.4728,8947372.466300001,-0.22416153319644083,125.77637907487677,189.70518276999232,144.07628984412992
nhdhr_120020350,nhdhr_143249864,nan,1e-323,2.697038406438872,2.8068898668426616,823.0,1019.0,5.1815999999999995,72733.38619999998,0.026694045174537995,64.15094339622641,32.16232079916659,16.186493028006087
nhdhr_120020352,nhdhr_120020367,nan,-14.631199836730957,3.2930879584650783,1.8832893056457107,165.0,248.0,3.0,-525.2924999999959,0.056536618754277845,85.71428571428571,0.4003972315862665,0.20019881638996506
nhdhr_120020357,nhdhr_91690341,nan,3.16904017654719,2.8849559130638505,1.7579501685607204,227.0,324.0,1.0,-4421.166489999996,0.001779603011635933,22.22222222222222,7.626390564244334,3.814582430965474
nhdhr_120020359,nhdhr_120020367,nan,6.03e-321,2.7842247405264806,2.3591741125327284,165.0,248.0,-1.0,-47056.59550000001,0.0022587268993840004,18.181818181818183,30.465528309462815,15.322168618248643
nhdhr_120020360,nhdhr_34119718,nan,1220.0,2.4431545792768157,1.7193636944884074,40.0,95.0,-0.47893300000000005,1621186.0122999998,-0.26865160848733743,27.203856103845798,156.91993923105608,96.86400008430958
nhdhr_120020364,nhdhr_143249864,nan,nan,3.42460625002805,2.3958088274547586,823.0,1019.0,2.743199999999999,86831.54289999997,-0.04004106776180705,29.508196721311464,39.63180066885209,20.0143436724781
nhdhr_120020366,nhdhr_120019513,nan,nan,2.5153603928084722,3.3819552117138203,5851.0,6708.0,17.336,229786956.5268,-0.41560574948665296,136.84875276286706,199.6699066228658,188.82564205844844
nhdhr_120020370,nhdhr_91594833,nan,nan,2.5476029052746525,2.2896790658147377,1280.0,1754.0,-5.181600000000001,-651261.4030000002,-0.03169062286105406,30.08849557522125,42.73566111835264,21.61746821634017
nhdhr_120020376,nhdhr_34119718,nan,-2.0,2.76908371357126,1.7658318012058865,40.0,95.0,-0.47893300000000005,1546531.2566,-0.2180013689253935,27.203856103845798,144.47395745632602,85.41138757646425
nhdhr_120020379,nhdhr_32672122,nan,2.8817591123025412,2.6104019617046603,2.9149301850066247,1247.0,1525.0,4.8392,188264.76679999998,0.003285420944558526,75.38164371611938,68.47018149452204,35.301693164820534
nhdhr_120020388,nhdhr_139268769,nan,1.17e-321,2.3278854773260904,1.7571120553120034,435.0,1616.0,-0.6095999999999995,221401.55719999992,-0.10506502395619444,9.090909090909083,29.66656982046885,14.915787911246703
nhdhr_120020392,nhdhr_139268769,nan,237.0,2.0581391817432007,1.6281409914568812,435.0,1616.0,2.1336000000000004,503361.82609999995,-0.001232032854209475,40.00000000000001,83.15636151160086,43.54957424917688
nhdhr_34121856,nhdhr_91690341,nan,nan,3.306075963128698,2.7657221945880286,227.0,324.0,2.1,11260.157749999998,-0.015674195756331222,53.16455696202531,22.461342376336972,11.266308835434742
nhdhr_34126452,nhdhr_91690129,nan,nan,2.7635438144700863,2.1865965707345096,157.0,218.0,-1.572,890.9251999999979,-0.05386721423682417,41.521394611727416,0.5778639586458636,0.288932582338689
nhdhr_34126462,nhdhr_91690341,nan,nan,3.6092398168094193,1.8771800398848812,227.0,324.0,3.0,14331.886549999996,-0.030663928815879538,85.71428571428571,29.492262339943515,14.827177824706775
nhdhr_34126579,nhdhr_34124239,nan,-2.0,2.361290657351848,1.7409472033914788,117.0,198.0,-0.6095999999999999,1171252.5014,-0.2685147159479808,18.18181818181818,138.69636971087672,80.61520361233228
nhdhr_34126801,nhdhr_34129366,nan,2.9526947735686098,2.072411746998319,1.5760328705650712,466.0,820.0,2.7432000000000003,13874.710369999986,0.06954140999315528,78.26086956521739,17.392933528388927,8.712971761707266
nhdhr_34126978,nhdhr_91690341,nan,4.857e-321,4.812250983355775,2.3885185982976678,227.0,324.0,3.8,15052.438130000002,-0.01868583162217652,122.5806451612903,31.206375985987687,15.69933053847731
nhdhr_34127011,nhdhr_143249864,nan,8.617e-321,2.0456651192285467,2.22439192583824,823.0,1019.0,7.619999999999999,93121.07159999997,0.08870636550308009,111.11111111111111,43.12141644610085,21.81727719262084
nhdhr_34127389,nhdhr_34129366,nan,1.6e-322,2.148932898013982,2.0883529432952406,466.0,820.0,-2.7432,-17271.33037000001,-0.020260095824777613,43.90243902439024,18.11453819075765,9.075920806269918
nhdhr_34127672,nhdhr_91688409,nan,4.6734448085605e-310,2.8290302099823994,2.4869896355467875,305.0,483.0,0.3048000000000002,61192.741500000004,-0.016837782340862417,3.0769230769230784,37.113546825233655,18.719337047503053
nhdhr_34127844,nhdhr_120020204,nan,6.90975152277104e-310,2.9949171207103387,2.3303382098392245,577.0,797.0,-0.6096000000000004,1845.3448999999673,0.008829568788501052,4.7619047619047645,0.40013111652180045,0.20006575845804547
nhdhr_34127862,nhdhr_32672122,nan,9.09e-321,3.8028007176053658,2.800610160689018,1247.0,1525.0,0.9143999999999997,188352.91479999997,-0.08329911019849412,10.909090909090907,68.51322231802286,35.325312702602616
nhdhr_34128205,nhdhr_120020204,nan,2.37e-322,5.146922736422452,3.9613644462897035,577.0,797.0,0.6096000000000004,141669.12769999995,0.001642710472279263,5.000000000000003,36.20721832379633,18.254423071028203
nhdhr_34128269,nhdhr_91687083,nan,4.67344482384967e-310,3.652079490838802,2.252999034945376,95.0,133.0,0.635,60489.01058999999,-0.026078028747433257,37.74145616641902,63.022632269244774,32.334983459376126
nhdhr_34128424,nhdhr_34129366,nan,6.90964269454117e-310,2.109475913562169,1.5788919942029402,466.0,820.0,1.9812000000000003,-30903.78437000001,0.05352498288843255,50.980392156862756,30.24997380390421,15.212492486314574
nhdhr_34128651,nhdhr_139268769,nan,4.6734448085617e-310,2.0168477695939733,1.901290346056237,435.0,1616.0,4.8768,560295.4957,0.07056810403832992,123.07692307692308,97.12970905394633,51.82589099352018
nhdhr_81642745,nhdhr_120018379,nan,4.6734448085613e-310,2.2014250353116056,1.6830876057077535,1100.0,1269.0,2.214397,3065683.1725000003,-0.10513347022587272,100.32613740902778,122.67712283226741,68.54299304652861
nhdhr_81643237,nhdhr_126212479,nan,2.37e-322,2.1794363670503984,2.3290729829551715,40.0,255.0,2.048,43735515.254099995,-0.2648186173853525,101.18577075098814,198.48449629380943,176.76496665244258
nhdhr_91676911,nhdhr_139268769,nan,2.93e-321,2.5775367118366947,2.1761245755376506,435.0,1616.0,-0.6095999999999995,65877.22450000001,-0.10431211498973314,9.090909090909083,7.994207424103419,3.998701515669705
nhdhr_91682839,nhdhr_81002103,nan,4.67344482031295e-310,2.10004104807183,3.1760252919610608,1552.0,2367.0,-0.3048000000000002,-512556.59500000067,0.008555783709787823,2.1978021978021993,17.54089685121713,8.787379345613376
nhdhr_91684449,nhdhr_120018133,nan,4.67344481969477e-310,2.796197127180282,2.0187986370974538,1618.0,2636.0,8.839199999999998,417639.375,0.028405201916495648,52.25225225225224,16.63200066067261,8.330427764869837
nhdhr_91685677,nhdhr_120018084,nan,4.6734420723309e-310,1.6748214149751917,2.6958129792633185,2760.0,4441.0,3.3528000000000002,-55921.62349999999,0.08966461327857633,21.782178217821784,17.23824446989486,8.635189679573594
nhdhr_91686475,nhdhr_120020367,nan,1e-323,2.231804632045821,1.629543492336324,165.0,248.0,2.0,-106750.4493,0.10082135523613966,50.0,57.920407408445115,29.59430388801694
nhdhr_91686757,nhdhr_34129366,nan,9.4e-323,3.295170167819096,2.5358160058568258,466.0,820.0,-2.7432,-32804.21987,-0.03011635865845319,43.90243902439024,31.814293668449373,16.009068003515043
nhdhr_91688055,nhdhr_120020343,nan,-7.200532853570253e+303,3.4622778833511982,1.4626447529473952,486.0,894.0,9.144,8697631.3154,-0.09021218343600279,142.8571428571429,179.65367076538016,124.80739363651601
nhdhr_91688597,nhdhr_34129366,nan,1.101592264286339e-279,4.209805679659528,1.9091761518401824,466.0,820.0,3.8768000000000002,30560.9243,0.04209445585215599,131.93574734549415,42.785034446618816,21.643034807359022
nhdhr_91688615,nhdhr_120020367,nan,6.587974702931532e-246,2.7097488431026213,1.7257649110393884,165.0,248.0,2.0,-24602.323500000013,0.04599589322381925,50.0,17.176632440817098,8.604211574150582
nhdhr_91688765,nhdhr_91595845,nan,1.5787355371656058e-260,2.3197394332432784,3.440243711382203,249.0,370.0,3.1064000000000007,4046.171159999991,0.029568788501026733,26.887788664612405,7.871818181121499,3.937434589014081
nhdhr_91688957,nhdhr_143249864,nan,7.557028121266649e+245,2.789028662681965,1.8524641311795216,823.0,1019.0,6.167999999999999,124458.40029999998,0.001232032854209475,81.32911392405062,62.14151842090197,31.85918571788325
nhdhr_91689147,nhdhr_91683191,nan,6.90967286208116e-310,2.333055007508348,1.6037060020003568,44.0,88.0,-0.9144000000000001,1042603.1688,-0.25085557837097877,46.15384615384615,152.13643992925458,92.25285400298583
nhdhr_91689407,nhdhr_91683191,nan,6.9096728620875e-310,3.199085535369996,2.0842368277611856,44.0,88.0,-0.476,1060868.7223,-0.28254620123203283,27.014755959137343,156.8925792535512,96.8367653823918
nhdhr_91689611,nhdhr_34129366,nan,-3.184236493059748e-164,3.1308720038124944,2.153332196642124,466.0,820.0,0.8768000000000002,32263.616329999997,-0.012525667351129366,19.754866618601305,45.713639265687526,23.16341166288188
nhdhr_91689661,nhdhr_34129366,nan,6.90967286209064e-310,3.590319282216394,2.0033868857788613,466.0,820.0,2.8768000000000002,-630.5246300000144,0.04914442162902122,83.66682177757096,0.7245350091522879,0.3622686931631842
nhdhr_91689681,nhdhr_91683191,nan,6.909672863208e-310,2.646353947024846,1.4760082904964893,44.0,88.0,-0.476,1069952.5685,-0.2864476386036961,27.014755959137343,159.306066924799,99.28094808206748
nhdhr_91689717,nhdhr_91687083,nan,9.47686227634989e+242,2.860184319355036,1.891279424831393,95.0,133.0,-1.0,7115.763900000005,-0.018891170431211468,40.0,5.800904926112691,2.9010627302163865
nhdhr_91689905,nhdhr_91683191,nan,6.9096728620938e-310,2.3767100814976083,1.7075251339251172,44.0,88.0,-0.476,959120.2853999999,-0.21444216290212187,27.014755959137343,131.91954384727575,75.31292906378906
nhdhr_91689945,nhdhr_81002103,nan,4.6734421814609e-310,2.372605444329669,2.539469863677578,1552.0,2367.0,3.048,1168933.9919999996,-0.04223134839151266,25.0,56.163086730347935,28.658119081947458
nhdhr_91690083,nhdhr_120020367,nan,1.3936744091305707e-194,2.5860953151515655,1.9549390263661797,165.0,248.0,2.0,-77572.1835,0.07145790554414788,50.0,45.70697691320821,23.159944028299005
nhdhr_91690625,nhdhr_32672122,nan,6.9096728584211e-310,3.1217953730831067,3.383317562958175,1247.0,1525.0,2.4383999999999997,-37255.67850000004,-0.042915811088295674,31.999999999999996,9.608938301843642,4.807244885335958
nhdhr_91690679,nhdhr_120018071,nan,4.6734421814593e-310,2.600816453624625,1.5614542692328328,1872.0,2616.0,8.5344,-3924.765699999989,0.03566050650239572,48.275862068965516,2.2394890938491363,1.1197796482976197
nhdhr_91691383,nhdhr_120018139,nan,8.27347853122601e-90,2.483348846894823,2.3636188211215785,1123.0,1880.0,0.6096000000000004,41866.20419999992,0.014852840520191646,5.128205128205131,6.500119624145852,3.2509185161608722
nhdhr_69546231,nhdhr_120018379,nan,6.90967285842823e-310,2.23634264572806,2.091388719407626,1100.0,1269.0,-0.6480030000000001,923269.2389999996,-0.09288158795345658,17.810116181611225,25.860491249091467,12.984747797941095
nhdhr_69546677,nhdhr_120020343,nan,4.67344218145774e-310,2.1413451367574536,1.523599693636724,486.0,894.0,7.315199999999999,8539181.444200002,-0.11423682409308689,99.99999999999999,173.5409408949774,115.9196159384788
nhdhr_69546831,nhdhr_121623043,nan,4.574190426597217e+36,1.9879161218273445,1.726108187785621,1018.0,1464.0,7.9248,2131902.681,-0.008213552361396315,70.27027027027027,80.29419877201708,41.91000742127402
nhdhr_69547885,nhdhr_120020208,nan,6.90967285961004e-310,1.9276162738834308,1.386855275925762,269.0,361.0,1.8288000000000006,-4952372.1628,0.30075290896646134,42.85714285714287,168.60713005771598,109.63766764218047
nhdhr_69547949,nhdhr_139268769,nan,6.9096729041637e-310,2.1095662857161304,2.200284578561053,435.0,1616.0,1.524,169602.71199999994,-0.040451745379876836,27.027027027027028,21.963594707368898,11.015108609176094
nhdhr_91681839,nhdhr_120020343,nan,2.862543598461023e-221,1.7470995171883361,1.63903148672953,486.0,894.0,8.2296,8594935.9099,-0.08740588637919233,120.0,175.66928111648997,118.85409212220243
nhdhr_{4F6A1C28-CFA9-45C9-B597-E2E6526275B8},nhdhr_91690341,nan,6.90967286209697e-310,3.00751959667875,2.9628234067463577,227.0,324.0,3.0,15358.942220000004,-0.015195071868583154,85.71428571428571,31.94330321248827,16.074828520324257
nhdhr_{62B48949-8CCC-4BA3-989E-AA1FE86C363D},nhdhr_34119718,nan,4.67344216709506e-310,3.5004423283916113,2.126820291752514,40.0,95.0,-0.47893300000000005,1724631.0176,-0.3529774127310062,27.203856103845798,175.7304781876097,118.94077572701191
nhdhr_120018085,nhdhr_32672122,nan,3.982252760593805e-167,3.9561600475730896,2.3070998446163116,1247.0,1525.0,1.2191999999999998,95369.43059999996,-0.03278576317590687,14.814814814814813,29.672533025148496,14.918819646049968
nhdhr_120018092,nhdhr_120020367,nan,6.90967286210013e-310,2.315438172112055,2.7012630482270223,165.0,248.0,-2.3152,-23605.962000000014,-0.001095140314852805,37.59906457061192,16.538525130221853,8.283447555453035
nhdhr_120018098,nhdhr_91690129,nan,6.9096728637582e-310,1.964025781959362,2.00187899823844,157.0,218.0,-1.572,-237743.6613,-0.002737850787132179,41.521394611727416,86.92864458000331,45.737409203736505
nhdhr_120018103,nhdhr_34127708,nan,1.8956219280578495e-303,4.199008933730894,2.493704274892726,345.0,584.0,3.6576000000000004,16378.2359,0.05290896646132792,32.43243243243244,7.17573053416583,3.589020655608509
nhdhr_120018106,nhdhr_139268769,nan,6.9096728621096e-310,4.069597251451056,1.9233346227710262,435.0,1616.0,-3.3528000000000002,29767.964099999983,-0.13682409308692678,41.50943396226415,3.5348980784180544,1.7675870930685968
nhdhr_120018182,nhdhr_120018379,nan,4.67344216709506e-310,2.5056268979230008,1.403096879264752,1100.0,1269.0,1.314397,3372474.5759,-0.22470910335386723,49.46551791294478,143.7794014765432,84.81977060484672
nhdhr_120020207,nhdhr_120020343,nan,7.546100112927123e-177,2.0657013037872107,1.5170312187683654,486.0,894.0,8.244881,8469815.2543,-0.1367556468172485,120.35690973590509,170.92642477156886,112.50829449312103
nhdhr_120020212,nhdhr_139268769,nan,6.90967285845313e-310,1.998048479055728,1.7030987645877584,435.0,1616.0,-1.8287999999999993,121833.04949999996,-0.07207392197125262,24.999999999999993,15.304043063628978,7.663255749410802
nhdhr_120020213,nhdhr_139268769,nan,6.9096729041649e-310,2.4662126214969713,1.2557300599059538,435.0,1616.0,1.524,191893.211,-0.08487337440109521,27.027027027027028,25.214138906642823,12.65756516505942
nhdhr_120020220,nhdhr_139268769,nan,1.3739496180338971e+73,1.6107691865728344,1.5586141425512037,435.0,1616.0,3.0480000000000005,517410.1774,-0.014921286789870036,62.500000000000014,86.48070539590043,45.47594554796066
nhdhr_120020245,nhdhr_120018459,nan,6.9096728584567e-310,2.3984157605576333,2.107713365642162,567.0,1490.0,-0.6096000000000004,3828383.074600001,-0.34606433949349763,6.4516129032258105,134.21666793889736,77.07480272050343
nhdhr_120020246,nhdhr_120018459,nan,4.67344216709506e-310,2.1847492934467576,2.0480104894223365,567.0,1490.0,6.7056000000000004,4180814.4840000006,-0.11950718685831624,115.78947368421053,156.2235385317583,96.17403039352465
nhdhr_120020250,nhdhr_120020343,nan,4.2840113242824527e-175,2.2323006736077162,1.4537709081340935,486.0,894.0,7.010399999999999,8533497.347900001,-0.17077344284736484,93.87755102040815,173.3253131825185,115.63058684321345
nhdhr_120020396,nhdhr_91687083,nan,6.9096728621128e-310,4.061302036241525,2.3245356129632038,95.0,133.0,1.0,77381.27155,-0.024709103353867223,66.66666666666666,88.40169968827499,46.60052371832099
nhdhr_120020398,nhdhr_120018379,nan,4.67344216709506e-310,2.689264624702556,2.278832312865723,1100.0,1269.0,1.314397,3497097.7981000002,-0.22731006160164274,49.46551791294478,153.161285419039,93.21646511208883
nhdhr_32732186,nhdhr_139268769,nan,1.138439635749162e-76,3.170786074898924,3.5117247565972893,435.0,1616.0,-5.7912,-2034666.3482999997,-0.003011635865845408,62.295081967213115,108.55411014689278,59.00061412353471
nhdhr_34129232,nhdhr_91687083,nan,6.9096728632274e-310,2.1789256441917635,1.610062102582255,95.0,133.0,-0.13359999999999994,43190.878209999995,-0.000547570157426458,6.464099090381263,41.28006972902504,20.86466777440506
nhdhr_34130157,nhdhr_120018089,nan,6.90967286211594e-310,1.967203829618694,2.020301146363921,813.0,1156.0,7.315199999999999,57119.791800000006,0.18788501026694038,99.99999999999999,15.703189513196975,7.863732987712808
nhdhr_34130613,nhdhr_120020199,nan,-5.154867809707259e+185,1.9868621397616544,2.369169290390426,1384.0,2263.0,0.0,418791.69239999994,-0.06899383983572893,0.0,82.81439566731449,43.35278087087971
nhdhr_34130988,nhdhr_139268769,nan,6.9096728621191e-310,1.923570171482548,1.5190417980161346,435.0,1616.0,-2.4383999999999997,96800.35469999991,-0.09753593429158114,31.999999999999996,11.971346062173298,5.991044066630559
nhdhr_34131552,nhdhr_45722930,nan,6.90967290416606e-310,2.091301814331229,1.3904300867796762,547.0,1256.0,0.3048000000000002,-408541.0564,0.007529089664613187,1.1560693641618502,34.72186312903904,17.493756367868496
nhdhr_37648599,nhdhr_91687083,nan,5.902531348958268e-102,2.5189847154188154,1.5355380037459971,95.0,133.0,-1.0419999999999998,-96038.6539,0.006707734428473611,41.33280444268147,55.11744690949787,28.10284989913519
nhdhr_37648997,nhdhr_120018379,nan,6.90967286212226e-310,2.5592333449895572,1.645082146747778,1100.0,1269.0,2.314397,3444031.81,-0.10335386721423684,107.28715971200612,149.10449173760395,89.47268887160988
nhdhr_91593815,nhdhr_91690129,nan,4.6734421814688e-310,2.7410996181872567,2.091751362307767,157.0,218.0,0.5,602.4077000000107,0.028336755646817147,18.181818181818183,0.3903630563529045,0.19518171406685628
nhdhr_91594493,nhdhr_120020343,nan,-1.0591046549866341e-146,2.0355273103773213,1.8222719603974942,486.0,894.0,8.840736,8774919.8244,-0.20260095824777546,134.9229721117289,182.70850854043886,129.8804997453491
nhdhr_91595431,nhdhr_91683191,nan,6.9096728621254e-310,3.6589409618794577,2.294200426539663,44.0,88.0,-0.30479999999999996,1138606.29887,-0.3496235455167694,18.18181818181818,178.65916075876956,123.25833109423023
nhdhr_91595565,nhdhr_91690341,nan,4.67344218145774e-310,2.7755711632832667,3.638711321309429,227.0,324.0,2.0,-44509.475790000004,0.02573579739904175,50.0,57.05165905678692,29.13101649937865
nhdhr_91595713,nhdhr_143396594,nan,1.2041225910249596e+303,3.182193558662263,2.9641707170242584,64.0,72.0,-1.042033,43805311.75966,-0.4154004106776181,52.654961499173695,199.54353909786587,186.92194678277698
nhdhr_91595755,nhdhr_34127708,nan,6.9096728621286e-310,2.484479106417769,2.438259997492085,345.0,584.0,-3.3527999999999984,83761.5565,-0.03661875427789185,22.68041237113401,43.05329231245336,21.781981630101008
nhdhr_91595863,nhdhr_91595845,nan,4.6734421814688e-310,2.7695794251202233,2.5128942882161858,249.0,370.0,10.1064,-324.7048300000097,0.06468172484599588,125.4954552227686,0.6059490863616401,0.30297523846191865
nhdhr_91596605,nhdhr_120020367,nan,-2.0233718943788975e+32,2.9566738313407894,2.313311050571107,165.0,248.0,2.042,-72345.40430000001,0.06865160848733742,51.31942699170645,43.29392608393397,21.906673755545192
nhdhr_91597015,nhdhr_32672122,nan,6.90967286323015e-310,3.3224736515580195,2.082244104493451,1247.0,1525.0,2.7432,160085.9643,-0.004038329911019822,36.73469387755102,55.38383628902308,28.244187862715876
nhdhr_91597227,nhdhr_120020367,nan,6.90967286663644e-310,3.4612411111926247,2.281444728055992,165.0,248.0,-2.3152,-85466.75910000001,-0.029226557152635224,37.59906457061192,49.21398160945191,24.991204546588186
nhdhr_91597267,nhdhr_120019712,nan,-3.0665930104133455e+263,2.5868869610586334,2.027144785638063,935.0,1302.0,-2.1335999999999995,-1325444.811,0.014784394250513366,21.538461538461537,76.69663071493228,39.872483472804106
nhdhr_91692157,nhdhr_91683191,nan,0.0,3.481555285244366,2.579957066197195,44.0,88.0,-0.476,1022925.0863,-0.2707734428473649,27.014755959137343,147.1523360861292,87.73478373465028
nhdhr_91692247,nhdhr_34127708,nan,0.0,2.2896648725344404,1.7908755923129627,345.0,584.0,0.6096000000000004,7516.816300000006,0.0037645448323067043,4.7619047619047645,3.2305997581799835,1.615405258594892
nhdhr_91692261,nhdhr_91690341,nan,0.0,3.309970682880026,2.9338539551058758,227.0,324.0,3.0,11157.905449999998,-0.021629021218343536,85.71428571428571,22.234697352178422,11.15191395416534
nhdhr_adfdf197-9f62-4650-8866-676709b89aee,nhdhr_120019294,nan,0.0,1.799615857772914,2.6048177921219464,2704.0,4296.0,-5.4864,416098670.8,-0.1731690622861054,36.73469387755102,134.03054896906886,76.93075602181975
nhdhr_80004215,nhdhr_120018133,nan,0.0,1.7201260179135813,2.623444731531643,1618.0,2636.0,-20.421599999999998,-4814731.834,-0.05941136208076658,64.73429951690821,93.90485653113423,49.87194278848098
